Ticker,Company Name,HQ City,ESG Risk Score,ESG Risk Score Level,Environment Risk Score,Social Risk Score,Governance Risk Score,Controversy Level Risk Text,2019 Performance,Industry,Sector
AR,Antero Resources Corporation,Denver,55,Severe,28.2,16.4,10.2,Moderate,-69.6485623,Oil & Gas - E&P,Energy
RRC,Range Resources Corporation,Fort worth,46,Severe,23.9,12.4,9.7,Moderate,-49.32079415,Oil & Gas - E&P,Energy
ECA,Encana Corporation,Denver,35,High,18.3,8.7,7.9,Moderate,-18.85813149,Oil & Gas - E&P,Energy
CHK,Chesapeake Energy Corporation,Oklahoma city,44,Severe,22.8,11,9.8,Moderate,-60.47619048,Oil & Gas - E&P,Energy
TRQ,Turquoise Hill Resources Ltd.,Vancouver,41,Severe,17.4,12.5,10.8,Moderate,-55.15151515,Metals & Mining,Basic Materials
EQT,EQT Corporation,Pittsburgh,38,High,21.6,8.4,7.6,Moderate,-42.29751191,Oil & Gas - E&P,Energy
X,United States Steel Corporation,Pittsburgh,46,Severe,21.6,16.6,8.1,Significant,-37.44517544,Steel,Basic Materials
SPB,Spectrum Brands Holdings Inc.,Middleton,47,Medium,43.9,48,51,Moderate,54.33469799,Consumer Packaged Goods,Consumer Defensive
VII.TO,Seven Generations Energy Ltd.,Calgary,39,Severe,19,11,8,,-23.96768402,Oil & Gas E&P,Energy
ARX.TO,ARC Resources Ltd.,Calgary,33,Severe,16,9,8,,0.987654321,Oil & Gas E&P,Energy
FLR,Fluor Corporation,Irving,28,Medium,6.8,14.1,6.9,Significant,-41.36645963,Engineering & Construction,Industrials
AA,Alcoa Corporation,Pittsburgh,31,High,15,9.2,6.9,Significant,-19.0744921,Metals & Mining,Basic Materials
ALKS,Alkermes plc,Dublin,30,Severe,0,22,9,Low,-30.87089122,Biotechnology,Healthcare
KAR,KAR Auction Services Inc,Carmel,23,Medium,5.6,12.4,5.2,,20.65337763,Retail - Apparel & Specialty,Consumer Cyclical
IGT,International Game Technology,London,19,Low,1.5,9.4,8.5,Low,2.323991798,Travel & Leisure,Consumer Cyclical
RIG,Transocean Ltd (Switzerland),Steinhausen,31,High,10.6,10.6,9.6,Significant,-0.864553314,Oil & Gas - Drilling,Energy
GT,The Goodyear Tire & Rubber Company,Akron,18,Low,5,5.4,8.1,Significant,-23.76286134,Autos,Consumer Cyclical
SIX,Six Flags Entertainment Corporation,Grand prairie,30,Medium,13.9,11.4,4.6,Moderate,-18.91065972,Travel & Leisure,Consumer Cyclical
MAC,Macerich Company (The),Santa monica,15,Low,2.6,6.8,5.3,Moderate,-37.80036969,REITs,Real Estate
PSK.TO,PrairieSky Royalty Ltd.,Calgary,17,Negligible,7,3,7,,-13.80871534,Oil & Gas E&P,Energy
AVT,Avnet Inc.,Phoenix,10,Low,3.7,3.3,3.5,,17.56232687,Computer Hardware,Technology
EXP,Eagle Materials Inc,Dallas,37,High,21.1,6.5,9.2,Low,48.5498935,Building Materials,Basic Materials
MSM,MSC Industrial Direct Company Inc.,Melville,20,Low,5.1,7.2,7.4,,2.015080603,Industrial Distribution,Industrials
TRIP,TripAdvisor Inc.,Needham,21,Medium,3.2,10.6,6.8,Moderate,-43.67816092,Travel & Leisure,Consumer Cyclical
CO.PA,"Casino, Guichard-Perrachon Societe Anonyme",Saint-etienne,17,Negligible,3,9,5,Moderate,14.74958723,Grocery Stores,Consumer Defensive
SATS,EchoStar Corporation,Englewood,22,Medium,1.6,10.9,10,Low,45.53091398,Communication Equipment,Technology
DKS,Dick's Sporting Goods Inc,Coraopolis,19,Low,4.7,7.9,5.9,Low,58.62179487,Retail - Apparel & Specialty,Consumer Cyclical
FL,Foot Locker Inc.,New york city,16,Low,2.5,7.4,5.5,Moderate,-26.71052632,Retail - Apparel & Specialty,Consumer Cyclical
PACW,PacWest Bancorp,Brea,29,Medium,2.2,13.8,12.7,Low,14.99399038,Banks,Financial Services
NCR,NCR Corporation,Atlanta,24,Medium,3.9,11.2,8.9,Moderate,52.33968804,Application Software,Technology
HP,Helmerich & Payne Inc.,Tulsa,26,Medium,8.3,9,9,Low,-5.235711306,Oil & Gas - Drilling,Energy
LAZ,Lazard LTD. LTD. Class A,Hamilton,26,Medium,2,11.6,12.9,Low,8.263343267,Brokers & Exchanges,Financial Services
THO,Thor Industries Inc.,Elkhart,32,High,9.9,14.6,7.7,,42.86538462,Autos,Consumer Cyclical
ASH,Ashland Global Holdings Inc.,Covington,39,High,18.5,10.9,9.2,Low,7.849492672,Chemicals,Basic Materials
CIT,CIT Group Inc (DEL),Livingston,27,Medium,2.1,13.6,11.5,Significant,19.23177424,Banks,Financial Services
SLM,SLM Corporation,Newark delaware,24,Medium,0.2,13.4,10.7,,7.220216606,Credit Services,Financial Services
XEC,Cimarex Energy Co,Denver,52,Severe,27.7,13.9,10.4,Moderate,-14.85806975,Oil & Gas - E&P,Energy
CPRI,Capri Holdings Limited,London,15,Negligible,2,7,6,Moderate,0.606540084,Apparel Manufacturing,Consumer Cyclical
AYI,Acuity Brands Inc (Holding Company),Atlanta,28,Medium,8.5,11.3,8,Moderate,20.05219661,Computer Hardware,Technology
HUN,Huntsman Corporation,The woodlands,34,High,15.5,8.6,10,Moderate,25.24624158,Chemicals,Basic Materials
TNET.BR,Telenet Group Holding NV,Malines (mechelen),17,Negligible,2,7,8,Low,-1.330049261,Telecom Services,Communication Services
ADS,Alliance Data Systems Corporation,Columbus,17,Low,0.1,10.7,6.1,Moderate,-25.23987207,Credit Services,Financial Services
WPX,WPX Energy Inc.,Tulsa,61,Severe,31.9,18.1,10.6,Moderate,21.05726872,Oil & Gas - E&P,Energy
MAT,Mattel Inc.,El segundo,14,Low,0,8.1,5.8,Significant,35.63563564,Travel & Leisure,Consumer Cyclical
DEC.PA,JCDecaux SA,Neuilly-sur-seine,14,Negligible,0,7,7,,7.849293564,Advertising Agencies,Communication Services
HBI,Hanesbrands Inc.,Winston salem,14,Low,1.2,7,5.7,Moderate,18.51556265,Manufacturing - Apparel & Furniture,Consumer Cyclical
NYCB,New York Community Bancorp Inc.,Westbury,28,Medium,3.6,13.3,10.7,,27.73645058,Banks,Financial Services
M,Macy's Inc,Cincinnati,14,Low,2.4,7.1,4.9,Moderate,-42.91470786,Retail - Apparel & Specialty,Consumer Cyclical
SNV,Synovus Financial Corp.,Columbus,29,Medium,2.2,13.3,13.6,Moderate,22.53829322,Banks,Financial Services
ICL,Israel Chemicals Limited,Tel aviv-yafo,36,Severe,18,9,9,Moderate,-15.37102473,Agriculture,Basic Materials
HOG,Harley-Davidson Inc.,Milwaukee,17,Negligible,4,8,6,Moderate,8.997655334,Autos,Consumer Cyclical
MF.PA,Wendel,Paris,12,Negligible,0,3,10,Moderate,13.18051576,Asset Management,Financial Services
SNC.TO,SNC-Lavalin Group Inc.,Montreal,35,Severe,7,16,11,High,-34.77787456,Engineering & Construction,Industrials
IPN.PA,Ipsen S.A.,Boulogne-billancourt,30,Severe,1,18,11,Low,-29.99556934,Drug Manufacturers—Specialty & Generic,Healthcare
AXS,Axis Capital Holdings Limited,Pembroke,31,High,2.2,11.7,16.9,Low,15.1045701,Insurance - Property & Casualty,Financial Services
MAN,ManpowerGroup,Milwaukee,13,Negligible,0,9,4,Moderate,49.84567901,Employment Services,Industrials
UNM,Unum Group,Chattanooga,25,Medium,1.8,10.5,12.8,Moderate,-0.748808713,Insurance - Life,Financial Services
SEE,Sealed Air Corporation,Charlotte,20,Medium,13.4,2.5,4.1,Moderate,14.32261768,Packaging & Containers,Consumer Cyclical
LECO,Lincoln Electric Holdings Inc.,Euclid,31,High,9.4,15.2,6.6,Low,22.67596703,Industrial Products,Industrials
PWR,Quanta Services Inc.,Houston,37,High,9.1,16.5,11.9,Low,35.24916944,Engineering & Construction,Industrials
PII,Polaris Industries Inc.,Medina,13,Negligible,0,7,6,Moderate,32.62910798,Autos,Consumer Cyclical
CFR,Cullen/Frost Bankers Inc.,San antonio,26,Medium,1.7,11.2,12.8,Low,11.18944735,Banks,Financial Services
SON,Sonoco Products Company,Hartsville,20,Low,13.7,2.1,3.9,,16.16789008,Packaging & Containers,Consumer Cyclical
COG,Cabot Oil & Gas Corporation,Houston,51,Severe,24.6,16.1,10.1,Low,-22.10290828,Oil & Gas - E&P,Energy
SRCL,Stericycle Inc.,Bannockburn,26,Medium,14.8,7.1,3.7,Moderate,73.91659853,Waste Management,Industrials
GIL,Gildan Activewear Inc. Class A Sub. Vot.,Montreal,11,Low,0.9,5.1,5.5,Moderate,-2.733860343,Manufacturing - Apparel & Furniture,Consumer Cyclical
SABR,Sabre Corporation,Southlake,22,Medium,0.1,13.1,8.4,Moderate,3.696857671,Application Software,Technology
SK.PA,SEB SA,Ecully,15,Negligible,5,3,7,Moderate,17.37588652,"Furnishings, Fixtures & Appliances",Consumer Cyclical
HLF,Herbalife Ltd.,Grand cayman,32,High,13.5,9.8,8.7,Moderate,-19.13486005,Consumer Packaged Goods,Consumer Defensive
JWN,Nordstrom Inc.,Seattle,15,Low,1.9,8,5.5,Moderate,-12.18622613,Retail - Apparel & Specialty,Consumer Cyclical
MDU,MDU Resources Group Inc.,Bismarck,37,High,21.8,6.7,8.3,Low,24.62248322,Building Materials,Basic Materials
BRX,Brixmor Property Group Inc.,New york city,18,Negligible,6,5,7,Significant,47.10687543,REITs,Real Estate
SESG.PA,SES S.A.,Betzdorf,18,Negligible,4,6,8,,-25.19449431,Broadcasting,Communication Services
INGR,Ingredion Incorporated,Westchester,31,High,12.1,12.7,6.3,Low,1.695842451,Consumer Packaged Goods,Consumer Defensive
TOL,Toll Brothers Inc.,Horsham,21,Medium,7.7,8.3,5.1,Moderate,19.98177953,Homebuilding & Construction,Consumer Cyclical
FLS,Flowserve Corporation,Irving,37,Severe,11,19,7,Moderate,30.90478695,Industrial Products,Industrials
MIDD,The Middleby Corporation,Elgin,33,Severe,9,16,8,Moderate,6.609559038,Industrial Products,Industrials
AKE.PA,Arkema S.A.,Colombes,31,Severe,16,6,10,Significant,26.33404482,Specialty Chemicals,Basic Materials
LB,L Brands Inc.,Columbus,16,Low,2.5,7.2,6.1,Moderate,-29.41176471,Retail - Apparel & Specialty,Consumer Cyclical
LEG,Leggett & Platt Incorporated,Carthage,36,High,11.4,16,8.6,Moderate,41.82477679,Manufacturing - Apparel & Furniture,Consumer Cyclical
FR.PA,Valeo SA,Paris,12,Negligible,2,3,7,Moderate,23.12818503,Auto Parts,Consumer Cyclical
JEF,Jefferies Financial Group Inc.,New york,14,Negligible,0,4,10,Moderate,23.09907834,Financial Conglomerates,Financial Services
STLD,Steel Dynamics Inc.,Fort wayne,34,High,13.2,14.2,6.9,Moderate,13.31557923,Steel,Basic Materials
FLEX,Flex Ltd.,Singapore,8,Negligible,0.8,2.8,4.9,Low,65.83442838,Computer Hardware,Technology
CDK,CDK Global Inc.,Hoffman estates,19,Low,1.4,12.7,5.2,Moderate,14.2021721,Application Software,Technology
PVH,PVH Corp.,New york city,15,Low,1.1,7.6,6.8,Significant,13.1253362,Manufacturing - Apparel & Furniture,Consumer Cyclical
AXTA,Axalta Coating Systems Ltd.,Philadelphia,26,Medium,13.1,7.7,5.4,Moderate,29.80358668,Chemicals,Basic Materials
HDS,HD Supply Holdings Inc.,Atlanta,21,Medium,5.7,7.8,7.5,Low,7.196162047,Industrial Distribution,Industrials
SMG,Scotts Miracle-Gro Company (The),Marysville,47,Severe,20.8,15.7,10.2,Moderate,72.76277253,Agriculture,Basic Materials
SPR,Spirit Aerosystems Holdings Inc.,Wichita,37,Severe,11,17,9,Moderate,1.095852407,Aerospace & Defense,Industrials
GPS,Gap Inc. (The),San francisco,13,Low,1.1,6.2,5.9,Significant,-31.36645963,Retail - Apparel & Specialty,Consumer Cyclical
DCI,Donaldson Company Inc.,Minneapolis,33,High,10.8,15.2,7.2,Moderate,32.79557502,Industrial Products,Industrials
ALV,Autoliv Inc.,Stockholm,17,Low,5.2,4.8,7.3,Significant,20.19080165,Autos,Consumer Cyclical
OC,Owens Corning Inc New,Toledo,17,Low,8.8,2.4,6.3,Moderate,48.06730332,Building Materials,Basic Materials
PBCT,People's United Financial Inc.,Bridgeport,27,Medium,3.3,12.8,10.7,Moderate,17.11711712,Banks,Financial Services
EWBC,East West Bancorp Inc.,Pasadena,27,Medium,2.2,12.2,12.2,Low,11.87686653,Banks,Financial Services
IPGP,IPG Photonics Corporation,Oxford,14,Negligible,3,4,6,,27.91949863,Semiconductors,Technology
ORI,Old Republic International Corporation,Chicago,33,Severe,2,12,18,Moderate,8.750607681,Insurance,Financial Services
WBC,Wabco Holdings Inc.,Bern,25,Medium,5.5,11.7,7.8,Moderate,26.23439538,Autos,Consumer Cyclical
KSS,Kohl's Corporation,Menomonee falls,16,Low,2.3,8.7,4.9,Moderate,-23.1986735,Retail - Apparel & Specialty,Consumer Cyclical
GVNV.AS,GrandVision N.V.,Schiphol,15,Negligible,3,6,5,Moderate,43.3350758,Specialty Retail,Consumer Cyclical
RHI,Robert Half International Inc.,Menlo park,11,Low,0.1,7.4,3.9,Low,10.4020979,Employment Services,Industrials
AOS,A.O. Smith Corporation,Milwaukee,25,Medium,13.6,4.3,7.3,Moderate,11.56908665,Industrial Products,Industrials
BWA,BorgWarner Inc.,Auburn hills,24,Medium,5.1,10.8,7.6,Moderate,24.87046632,Autos,Consumer Cyclical
HFC,HollyFrontier Corporation,Dallas,37,High,22.1,9.4,5.7,Low,-0.802034429,Oil & Gas - Refining & Marketing,Energy
SLG,SL Green Realty Corporation,New york city,15,Low,3.6,3.8,7.8,Low,16.18614062,REITs,Real Estate
TPR,Tapestry Inc.,New york city,14,Low,1.7,6.9,5.7,Moderate,-20.08888889,Retail - Apparel & Specialty,Consumer Cyclical
ICAD.PA,Icade,Issy-les-moulineaux,12,Negligible,3,3,6,,45.93984962,REIT—Diversified,Real Estate
DEI,Douglas Emmett Inc.,Santa monica,19,Negligible,5,6,7,,28.62584237,REITs,Real Estate
NLSN,Nielsen N.V.,New york,23,Medium,0.1,16.5,6.6,Low,-12.98756965,Business Services,Industrials
BG,Bunge Limited,White plains,36,High,16.6,14.1,5.2,Significant,7.690868263,Consumer Packaged Goods,Consumer Defensive
PNR,Pentair plc.,Manchester,31,High,8.7,15.5,6.8,Low,21.41344627,Industrial Products,Industrials
TECK,Teck Resources Ltd,Vancouver,21,Medium,10.7,6.1,4.7,Significant,-19.35933148,Metals & Mining,Basic Materials
FFIV,F5 Networks Inc.,Seattle,18,Negligible,1,11,5,,-13.81225699,Application Software,Technology
LEA,Lear Corporation,Southfield,17,Low,4.9,5.2,6.5,Moderate,11.67182159,Autos,Consumer Cyclical
MOS,Mosaic Company (The),Tampa,38,High,17.8,11.9,8.8,Significant,-25.91578227,Agriculture,Basic Materials
AER,Aercap Holdings N.V.,Dublin,20,Medium,5.4,7.7,7.4,Moderate,55.22727273,Aerospace & Defense,Industrials
JNPR,Juniper Networks Inc.,Sunnyvale,16,Low,0.4,8.3,7.6,Moderate,-8.472686734,Communication Equipment,Technology
QGEN,Qiagen N.V.,Venlo,17,Low,1.8,8,6.9,Low,-1.886792453,Medical Diagnostics & Research,Healthcare
CBSH,Commerce Bancshares Inc.,Kansas city,27,Medium,1.9,11.1,13.9,,20.525102,Banks,Financial Services
ST,Sensata Technologies Holding N.V.,Swindon,24,Medium,6.8,10.5,7.1,,20.1382694,Computer Hardware,Technology
GIL.TO,Gildan Activewear Inc.,Montreal,11,Negligible,1,5,6,Moderate,-7.36003861,Apparel Manufacturing,Consumer Cyclical
COTY,Coty Inc. Class A,New york city,32,High,13.7,9.6,8.3,Low,71.49390244,Consumer Packaged Goods,Consumer Defensive
ACM,AECOM,Los angeles,31,High,5,17.3,9,Moderate,62.75471698,Engineering & Construction,Industrials
GNTX,Gentex Corporation,Zeeland,25,Medium,6.7,10.5,7.5,,43.39435923,Autos,Consumer Cyclical
PRGO,Perrigo Company plc,Dublin,41,Severe,3.1,24.2,13.5,Moderate,33.31612903,Drug Manufacturers,Healthcare
AIV,Apartment Investment and Management Company,Denver,19,Low,7,5.3,6.3,Low,17.70738377,REITs,Real Estate
AIZ,Assurant Inc.,New york city,26,Medium,1.4,11.3,13.6,Significant,46.55635063,Insurance,Financial Services
IVZ,Invesco Ltd,Atlanta,26,Medium,1.5,13.5,11.1,Moderate,7.407407407,Asset Management,Financial Services
NOV,National Oilwell Varco Inc.,Houston,34,High,13,12.7,8.7,Moderate,-2.529182879,Oil & Gas - Services,Energy
NWSA,News Corporation,New york city,16,Low,0,5.6,10.7,High,24.5814978,Entertainment,Consumer Cyclical
KIM,Kimco Realty Corporation,New hyde park,14,Low,4.4,4,5.7,,41.36518771,REITs,Real Estate
WLK,Westlake Chemical Corporation,Houston,37,High,21.3,4.7,11.2,Moderate,6.014810337,Chemicals,Basic Materials
ZAYO,Zayo Group Holdings Inc.,Boulder,30,Medium,8.8,12.5,8.3,Low,51.70753065,Communication Equipment,Technology
ATO.PA,Atos SE,Bezons,14,Negligible,0,8,6,Moderate,36.69302924,Information Technology Services,Technology
VOYA,Voya Financial Inc.,New york city,23,Medium,1.8,12.2,8.7,Low,51.918286,Asset Management,Financial Services
DXC,DXC Technology Company,Tysons corner,16,Low,0,9.9,5.8,Moderate,-29.3022381,Application Software,Technology
IONS,Ionis Pharmaceuticals Inc.,Carlsbad,32,High,0.2,22.4,9.5,,11.74620792,Biotechnology,Healthcare
PROX.BR,Proximus PLC,Bruxelles,19,Negligible,2,9,8,Moderate,8.044030483,Telecom Services,Communication Services
NWL,Newell Brands Inc.,Atlanta,15,Low,6.1,5.3,4,Moderate,3.388918774,Consumer Packaged Goods,Consumer Defensive
RNR,RenaissanceRe Holdings Ltd.,Pembroke,30,Severe,2,11,17,,46.6118175,Insurance - Specialty,Financial Services
ALB,Albemarle Corporation,Charlotte,37,High,19.7,8.9,8.7,Low,-5.229012586,Chemicals,Basic Materials
TRGP,Targa Resources Inc.,Houston,37,Severe,15,16,6,,13.35369239,Oil & Gas - Midstream,Energy
TTC,Toro Company (The),Bloomington,20,Negligible,6,10,4,Moderate,42.57337151,Industrial Products,Industrials
BEP,Brookfield Renewable Partners L.P.,Hamilton,23,Medium,2.7,13,7.7,,80.03861004,Utilities - Independent Power Producers,Utilities
DVN,Devon Energy Corporation,Oklahoma city,34,High,16.9,11.1,6.1,Low,15.2173913,Oil & Gas - E&P,Energy
VIPS,Vipshop Holdings Limited American Depositary Shares each representing two,Guangzhou,21,Medium,4,9.4,7.8,Low,159.5238095,Retail - Defensive,Consumer Defensive
REI-UN.TO,RioCan Real Estate Investment Trust,Toronto,18,Negligible,5,6,6,,12.43697479,REIT—Retail,Real Estate
ONEX.TO,Onex Corporation,Toronto,17,Negligible,0,4,13,,10.51782112,Conglomerates,Industrials
RL,Ralph Lauren Corporation,New york city,15,Negligible,1,7,7,Moderate,13.29982602,Manufacturing - Apparel & Furniture,Consumer Cyclical
SCI,Service Corporation International,Houston,15,Negligible,0,10,5,Moderate,14.33184302,Personal Services,Consumer Cyclical
JLL,Jones Lang LaSalle Incorporated,Chicago,7,Negligible,1.3,2.5,3.7,Low,37.51184834,Real Estate Services,Real Estate
CF,CF Industries Holdings Inc.,Deerfield,48,Severe,24.4,16.2,7.8,Moderate,9.721903011,Agriculture,Basic Materials
CMA,Comerica Incorporated,Dallas,27,Medium,2.1,11.9,12.8,Moderate,4.454796914,Banks,Financial Services
UAA,Under Armour Inc. Class A,Baltimore,16,Low,1.6,7.6,7.1,Moderate,22.24108659,Manufacturing - Apparel & Furniture,Consumer Cyclical
UGI,UGI Corporation,King of prussia,40,Severe,17.6,15.1,7.4,Moderate,-15.35145267,Utilities - Regulated,Utilities
CTC-A.TO,"Canadian Tire Corporation, Limited",Toronto,16,Negligible,2,8,6,Low,4.283262443,Specialty Retail,Consumer Cyclical
SNA,Snap-On Incorporated,Kenosha,32,High,10.5,13,8,Moderate,16.59439741,Industrial Products,Industrials
CSL,Carlisle Companies Incorporated,Scottsdale,45,Severe,20,16.1,8.6,,61.00278552,Autos,Consumer Cyclical
IPG,Interpublic Group of Companies Inc. (The),New york city,16,Low,0.1,10,6.1,Moderate,11.97285507,Advertising & Marketing Services,Consumer Cyclical
LII,Lennox International Inc.,Richardson,27,Medium,9.4,10.4,6.8,Low,11.47308782,Industrial Products,Industrials
GGG,Graco Inc.,Minneapolis,32,High,10.1,14,7.8,,24.25328554,Industrial Products,Industrials
IRM,Iron Mountain Incorporated (Delaware)Common Stock REIT,Boston,16,Low,5.8,4.2,5.7,,-1.666152422,Business Services,Industrials
OHI,Omega Healthcare Investors Inc.,Hunt valley,17,Low,5.4,6,5.9,Low,20.48364154,REITs,Real Estate
RGA,Reinsurance Group of America Incorporated,Chesterfield missouri,28,Medium,2.9,9.9,15.2,,16.28039649,Insurance - Specialty,Financial Services
OGE,OGE Energy Corporation,Oklahoma city,40,Severe,23.3,11.6,5.6,Low,13.4728247,Utilities - Regulated,Utilities
RPM,RPM International Inc.,Medina,45,Severe,21.6,13.3,10.2,Moderate,30.58863559,Chemicals,Basic Materials
COV.PA,Covivio,Metz,12,Negligible,2,4,6,,20.19002375,REIT—Diversified,Real Estate
NRG,NRG Energy Inc.,Princeton,40,Severe,20.6,11.4,8,Moderate,0.378787879,Utilities - Independent Power Producers,Utilities
AAP,Advance Auto Parts Inc W/I,Raleigh,13,Negligible,0,9,4,Moderate,1.714721199,Retail - Apparel & Specialty,Consumer Cyclical
LAMR,Lamar Advertising Company,Baton rouge,18,Low,0.1,10.1,7.9,,29.02572998,REITs,Real Estate
PKG,Packaging Corporation of America,Lake forest,19,Low,13.1,2.1,4.2,Moderate,34.18404026,Packaging & Containers,Consumer Cyclical
MRO,Marathon Oil Corporation,Houston,43,Severe,23.7,10.9,8.6,Moderate,-5.29986053,Oil & Gas - E&P,Energy
EMN,Eastman Chemical Company,Kingsport,28,Medium,13.1,6.7,7.9,Moderate,8.411981945,Chemicals,Basic Materials
FRT,Federal Realty Investment Trust,Rockville,16,Low,4,5,7.1,Low,9.056252118,REITs,Real Estate
MLCO,Melco Resorts & Entertainment Limited,Hong kong,27,Medium,3.9,11.8,11.2,Moderate,37.17366629,Travel & Leisure,Consumer Cyclical
PUB.PA,Publicis Groupe S.A.,Paris,17,Negligible,0,9,8,Moderate,-19.40894569,Advertising Agencies,Communication Services
RAND.AS,Randstad N.V.,Diemen,12,Negligible,0,9,4,Moderate,35.79446246,Staffing & Employment Services,Industrials
MHK,Mohawk Industries Inc.,Calhoun,15,Low,5.7,4.5,4.8,Moderate,16.60396717,Manufacturing - Apparel & Furniture,Consumer Cyclical
NBL,Noble Energy Inc.,Houston,41,Severe,21.3,11.2,8.2,Moderate,32.40938166,Oil & Gas - E&P,Energy
JMT.LS,"Jeronimo Martins, SGPS, S.A.",Lisboa,17,Negligible,3,7,7,Moderate,41.8762089,Food Distribution,Consumer Defensive
PTC,PTC Inc.,Boston,19,Low,1.3,11.2,6.5,Moderate,-9.662243667,Application Software,Technology
Z,Zillow Group Inc.,Guernsey,30,High,3.3,15.8,11.1,Moderate,45.47181761,Real Estate Services,Real Estate
NDSN,Nordson Corporation,Westlake,30,High,10.8,13,6.5,Low,36.43904483,Industrial Products,Industrials
ON,ON Semiconductor Corporation,Phoenix,25,Medium,12.9,6.3,6.1,,47.66807995,Semiconductors,Technology
VIAB,Viacom Inc.,New york city,15,Low,0.1,6.6,8,Significant,-5.758754864,Entertainment,Consumer Cyclical
FBHS,Fortune Brands Home & Security Inc.,Deerfield,26,Medium,14.3,3.7,7.7,,71.99262964,Manufacturing - Apparel & Furniture,Consumer Cyclical
DOX,Amdocs Limited,Chesterfield missouri,18,Low,1.2,10.7,5.9,,23.23318539,Application Software,Technology
ETFC,E*TRADE Financial Corporation,New york city,28,Medium,1.8,11.7,14.4,Moderate,3.39562443,Brokers & Exchanges,Financial Services
UMI.BR,Umicore SA,Bruxelles,32,Severe,16,7,9,Moderate,24.38324727,Pollution & Treatment Controls,Industrials
CCL-B.TO,CCL Industries Inc.,Toronto,19,Negligible,13,2,5,Moderate,10.50739113,Packaging & Containers,Consumer Cyclical
AGNC,AGNC Investment Corp.,Bethesda,20,Medium,3.8,6.5,10,,0.798175599,REITs,Real Estate
AC.PA,Accor SA,Issy-les-moulineaux,19,Negligible,7,7,5,Moderate,12.50336836,Lodging,Consumer Cyclical
SEIC,SEI Investments Company,Oaks,28,Medium,3,12.6,12.7,Low,41.73160173,Asset Management,Financial Services
AABA,Altaba Inc.,New york,33,High,3.2,14.4,15.1,Significant,-66.12012427,Asset Management,Financial Services
FGR.PA,Eiffage SA,Velizy villacoublay,36,Severe,7,16,14,Low,39.80263158,Engineering & Construction,Industrials
GLPI,Gaming and Leisure Properties Inc.,Wyomissing,20,Low,6.1,7.1,6.8,,33.24048282,REITs,Real Estate
LPT,Liberty Property Trust,Wayne,17,Negligible,5,6,6,Low,43.38586437,REITs,Real Estate
CCK,Crown Holdings Inc.,Yardley,19,Negligible,13,2,4,Significant,74.50084195,Packaging & Containers,Consumer Cyclical
LKQ,LKQ Corporation,Chicago,14,Low,4.6,5.3,4.3,Low,50.44247788,Autos,Consumer Cyclical
EDPR.LS,"EDP Renovaveis, S.A.",Madrid,85,Severe,82,86,90,Significant,34.96143959,Utilities—Renewable,Utilities
CLR,Continental Resources Inc.,Oklahoma city,54,Severe,28.3,15,10.8,Low,-14.65538691,Oil & Gas - E&P,Energy
HSIC,Henry Schein Inc.,Melville,15,Low,3.7,5.7,5.9,Moderate,8.346865866,Medical Distribution,Healthcare
REG,Regency Centers Corporation,Jacksonville,11,Low,3.1,3,4.4,,7.515337423,REITs,Real Estate
VER,VEREIT Inc.,Phoenix,19,Low,5.5,6.1,7.3,Significant,29.23076923,REITs,Real Estate
APA,Apache Corporation,Houston,38,High,21.2,7.8,8.8,Low,-2.514285714,Oil & Gas - E&P,Energy
DVA,DaVita Inc.,Denver,21,Medium,0.1,11.8,9.1,Moderate,45.8025651,Health Care Providers,Healthcare
NN.AS,NN Group N.V.,S-gravenhage,16,Negligible,1,7,7,Moderate,-2.816091954,Insurance—Diversified,Financial Services
PKI,PerkinElmer Inc.,Waltham,21,Medium,1.6,12.6,7.1,Low,23.61553151,Medical Diagnostics & Research,Healthcare
URI,United Rentals Inc.,Stamford,19,Low,5.3,7.3,6.8,Low,62.65483273,Consulting & Outsourcing,Industrials
ALO.PA,Alstom SA,Saint-ouen,16,Negligible,3,5,8,Significant,3.201368524,Specialty Industrial Machinery,Industrials
CPT,Camden Property Trust,Houston,18,Negligible,5,6,7,,20.49971607,REITs,Real Estate
KPN.AS,Koninklijke KPN N.V.,Den haag,15,Negligible,2,7,6,Moderate,2.734375,Telecom Services,Communication Services
TXT,Textron Inc.,Providence,39,High,11,20.2,7.3,Significant,-3.022396173,Aerospace & Defense,Industrials
TRMB,Trimble Inc.,Sunnyvale,12,Negligible,2,5,5,Low,26.67882103,Computer Hardware,Technology
NI,NiSource Inc,Merrillville,32,High,14.7,10.3,6.8,Significant,9.822485207,Utilities - Regulated,Utilities
FDS,FactSet Research Systems Inc.,Norwalk,22,Medium,2.7,10.8,8.4,,34.06285914,Brokers & Exchanges,Financial Services
BAH,Booz Allen Hamilton Holding Corporation,Mc lean,22,Medium,1.2,12.9,7.9,Moderate,57.82116707,Business Services,Industrials
CVE,Cenovus Energy Inc,Calgary,34,High,19.5,7.4,6.8,Low,44.38122333,Oil & Gas - Integrated,Energy
LNC,Lincoln National Corporation,Radnor,21,Medium,1.4,8.1,11.8,Moderate,15.00682128,Insurance - Life,Financial Services
PNW,Pinnacle West Capital Corporation,Phoenix,28,Medium,11.4,10.3,6,Moderate,5.551643192,Utilities - Regulated,Utilities
TSCO,Tractor Supply Company,Brentwood,16,Low,3.7,8.2,4.3,Moderate,11.98465964,Retail - Apparel & Specialty,Consumer Cyclical
BVI.PA,Bureau Veritas SA,Neuilly-sur-seine,16,Negligible,0,10,7,Moderate,30.6741573,Consulting Services,Industrials
WTR,Aqua America Inc.,Bryn mawr,39,Severe,20,12,7,Low,37.29160573,Utilities - Regulated,Utilities
ARMK,Aramark,Philadelphia,29,Medium,6.3,15.5,7,Significant,49.81014843,Restaurants,Consumer Cyclical
MYL,Mylan N.V.,Hatfield,38,High,2.5,19.1,16,High,-26.64233577,Drug Manufacturers,Healthcare
TIT.BR,Telecom Italia S.p.A.,Milan,17,Negligible,3,8,7,Significant,12.24489796,Telecom Services,Communication Services
AVY,Avery Dennison Corporation,Glendale,19,Low,13.3,1.6,4.3,Low,45.63063565,Industrial Products,Industrials
CNP.PA,CNP Assurances SA,Paris,19,Negligible,0,8,11,Low,-4.265658747,Insurance—Life,Financial Services
JEC,Jacobs Engineering Group Inc.,Dallas,54,Medium,55,47,61,Significant,54.00273691,Engineering & Construction,Industrials
TER,Teradyne Inc.,North reading,21,Medium,7.7,6.6,6.4,,117.3040153,Semiconductors,Technology
DPZ,Domino's Pizza Inc,Ann arbor,28,Medium,6.1,14.5,7.1,Moderate,18.46445421,Restaurants,Consumer Cyclical
WU,Western Union Company (The),Denver,21,Medium,0.1,12.9,8.3,Significant,56.97538101,Banks,Financial Services
Y,Alleghany Corporation,New york city,33,Severe,3,13,18,Low,28.2760059,Insurance - Property & Casualty,Financial Services
NCLH,Norwegian Cruise Line Holdings Ltd.,Miami,28,Medium,13.1,11.1,3.9,Moderate,37.79193206,Travel & Leisure,Consumer Cyclical
JKHY,Jack Henry & Associates Inc.,Monett,19,Low,0.2,11.5,7.3,,15.13594689,Business Services,Industrials
AAL,American Airlines Group Inc.,Fort worth,32,High,11.6,13.7,6.2,Moderate,-10.68203052,Airlines,Industrials
HST,Host Hotels & Resorts Inc.,Bethesda,14,Low,4.1,4.8,5.5,,11.27774445,REITs,Real Estate
JBHT,J.B. Hunt Transport Services Inc.,Lowell,21,Medium,6.3,8.4,6.3,Low,25.51590714,Transportation & Logistics,Industrials
ALLE,Allegion plc,Dublin,24,Medium,13.5,4.2,6.2,,56.24137498,Consulting & Outsourcing,Industrials
ALLY,Ally Financial Inc.,Detroit,25,Medium,0.2,15,9.8,Moderate,34.86319506,Banks,Financial Services
SJM,J.M. Smucker Company (The),Orrville,33,High,10.8,16.4,6.2,Moderate,11.38089635,Consumer Packaged Goods,Consumer Defensive
TAP,Molson Coors Brewing Company Class B,Denver,19,Low,5.5,7.9,6.1,Moderate,-4.024216524,Beverages - Alcoholic,Consumer Defensive
UHS,Universal Health Services Inc.,King of prussia,34,High,3.4,19.5,11.1,High,23.07824296,Health Care Providers,Healthcare
CA.PA,Carrefour SA,Massy,19,Negligible,3,9,8,Significant,0.268276325,Grocery Stores,Consumer Defensive
CNA,CNA Financial Corporation,Chicago,30,Severe,2,10,18,Low,1.494903737,Insurance - Property & Casualty,Financial Services
FMC,FMC Corporation,Philadelphia,37,High,17.6,12.8,6.9,Moderate,55.604053,Agriculture,Basic Materials
PHM,PulteGroup Inc.,Atlanta,22,Medium,7.6,9.1,5.2,Moderate,49.28818776,Homebuilding & Construction,Consumer Cyclical
EXPD,Expeditors International of Washington Inc.,Seattle,19,Low,4,9.9,5,,14.5836393,Transportation & Logistics,Industrials
NTAP,NetApp Inc.,Sunnyvale,20,Medium,3.2,10.4,6.5,,4.323780794,Computer Hardware,Technology
OTEX,Open Text Corporation,Waterloo,17,Low,1.3,10,5.8,,35.18404908,Application Software,Technology
ROL,Rollins Inc.,Atlanta,22,Medium,9.9,6.9,5.4,,-8.144044321,Business Services,Industrials
IEX,IDEX Corporation,Lake forest,34,High,10.9,15.2,7.5,Low,36.22683352,Industrial Products,Industrials
POW.TO,Power Corporation of Canada,Montreal,11,Negligible,1,3,7,Low,36.36363636,Insurance—Life,Financial Services
VNO,Vornado Realty Trust,New york,17,Low,3.8,6.5,6.6,Low,7.206190553,REITs,Real Estate
XRAY,DENTSPLY SIRONA Inc.,Charlotte,20,Medium,3.2,10.5,6.6,Low,52.08277345,Medical Instruments & Equipment,Healthcare
LBTYA,Liberty Global plc Class A Ordinary Shares,Hammersmith,16,Low,0,9.1,7.1,Low,6.560449859,Communication Services,Communication Services
SIVB,SVB Financial Group,Medan,27,Medium,2.3,11.5,13.3,,32.18197136,Banks,Financial Services
QRVO,Qorvo Inc.,Greensboro,36,High,19.6,9,7.8,,91.38811131,Semiconductors,Technology
VAR,Varian Medical Systems Inc.,Palo alto,27,Medium,3.2,12.8,10.8,,25.32874415,Medical Devices,Healthcare
WPM,Wheaton Precious Metals Corp (Canada),Vancouver,16,Low,5.6,2.9,7.8,Moderate,52.3297491,Metals & Mining,Basic Materials
BEN,Franklin Resources Inc.,San mateo,20,Medium,1.3,10.8,8.3,Low,-12.40728254,Asset Management,Financial Services
CE,Celanese Corporation Series A,Irving,34,High,15,10.2,9.1,Moderate,36.84561521,Chemicals,Basic Materials
CNHI,CNH Industrial N.V.,London,15,Low,2.5,5.4,7.3,Significant,19.43539631,Farm & Construction Machinery,Industrials
CNP,CenterPoint Energy Inc (Holding Co),Houston,32,High,13.8,11.8,6.4,Moderate,-3.40063762,Utilities - Regulated,Utilities
AES,The AES Corporation,Arlington,34,High,19.2,8.6,5.9,Moderate,37.62102351,Utilities - Regulated,Utilities
DRE,Duke Realty Corporation,Indianapolis,17,Low,5.5,6.1,5.3,,33.86100386,REITs,Real Estate
FNF,FNF Group of Fidelity National Financial Inc.,Jacksonville,29,Medium,2.5,9.8,17,Low,44.24300254,Insurance - Specialty,Financial Services
WYNN,Wynn Resorts Limited,Las vegas,28,Medium,3.6,13.9,10.6,High,40.40036397,Travel & Leisure,Consumer Cyclical
CBOE,Cboe Global Markets Inc.,Chicago,22,Medium,3,9.2,9.5,Moderate,22.6617602,Brokers & Exchanges,Financial Services
WRB,W.R. Berkley Corporation,Greenwich,29,Medium,2,11,16.2,Low,40.24761518,Insurance - Property & Casualty,Financial Services
MT.AS,ArcelorMittal,Luxembourg,35,Severe,14,14,7,High,-13.78169791,Steel,Basic Materials
EN.PA,Bouygues SA,Paris,35,Severe,8,15,12,Low,20.86790045,Engineering & Construction,Industrials
MRU.TO,Metro Inc.,Montreal,20,Negligible,5,9,6,Significant,13.20236586,Grocery Stores,Consumer Defensive
MAS,Masco Corporation,Livonia,21,Medium,10.7,3.8,6.2,Low,64.124487,Building Materials,Basic Materials
NLY,Annaly Capital Management Inc,New york city,18,Low,4.2,6.6,7.5,,-4.073319756,REITs,Real Estate
HBAN,Huntington Bancshares Incorporated,Columbus,23,Medium,2.5,11.6,8.9,Moderate,26.51006711,Banks,Financial Services
GPC,Genuine Parts Company,Atlanta,13,Negligible,4,5,4,Moderate,10.63320142,Retail - Apparel & Specialty,Consumer Cyclical
HAS,Hasbro Inc.,Pawtucket,12,Low,0,6.7,5.6,Moderate,29.98153846,Travel & Leisure,Consumer Cyclical
UDR,UDR Inc.,Highlands ranch,19,Low,5.7,6.9,6.2,,17.86976275,REITs,Real Estate
IFF,Internationa Flavors & Fragrances Inc.,New york city,25,Medium,10.9,5.9,8.1,Low,-3.910032025,Chemicals,Basic Materials
LNT,Alliant Energy Corporation,Madison,35,High,18.5,10.1,6.8,Moderate,29.5147929,Utilities - Regulated,Utilities
EMA.TO,Emera Incorporated,Halifax,35,Severe,18,11,7,Moderate,27.63669641,Utilities—Diversified,Utilities
EXR,Extra Space Storage Inc,Salt lake city,16,Negligible,5,4,7,Low,16.73297966,REITs,Real Estate
GBLB.BR,Groupe Bruxelles Lambert SA,Bruxelles,14,Negligible,0,3,11,,23.50157729,Asset Management,Financial Services
HOLX,Hologic Inc.,Marlborough,36,High,4.7,20.4,11.4,Moderate,27.03163017,Medical Instruments & Equipment,Healthcare
ATO,Atmos Energy Corporation,Dallas,35,Severe,14,15,7,Moderate,20.64279551,Utilities - Regulated,Utilities
DRI,Darden Restaurants Inc.,Orlando,22,Medium,5.9,11.9,4.6,Moderate,9.162827959,Restaurants,Consumer Cyclical
DOL.TO,Dollarama Inc.,Mont-royal,16,Negligible,3,8,6,Moderate,37.4499538,Discount Stores,Consumer Defensive
IT,Gartner Inc.,Stamford,29,Medium,0.2,19.7,9.1,Low,20.54130163,Application Software,Technology
LDOS,Leidos Holdings Inc.,Reston,20,Medium,1.2,12.6,6.7,Low,85.67905918,Application Software,Technology
WPC,W.P. Carey Inc. REIT,New york city,19,Low,6.8,6.6,6.1,,22.49770432,Real Estate Services,Real Estate
AEM,Agnico Eagle Mines Limited,Toronto,28,Medium,13.5,9.1,5.7,Moderate,52.5,Metals & Mining,Basic Materials
CVE.TO,Cenovus Energy Inc.,Calgary,34,Severe,20,7,7,Low,37.5,Oil & Gas Integrated,Energy
NUE,Nucor Corporation,Charlotte,38,High,14.5,14.3,9,Significant,8.627678054,Steel,Basic Materials
NVR,NVR Inc.,Reston,20,Medium,6.4,8.3,5.3,Moderate,56.27515911,Homebuilding & Construction,Consumer Cyclical
VIE.PA,Veolia Environnement S.A.,Paris,34,Severe,14,11,9,Significant,32.0155902,Waste Management,Industrials
WAT,Waters Corporation,Milford,20,Low,1.6,11.2,6.8,,23.85369732,Computer Hardware,Technology
BR,Broadridge Financial Solutions Inc.Common Stock,New hyde park,20,Low,0.1,12.1,7.6,,28.35324675,Business Services,Industrials
CPB,Campbell Soup Company,Camden,24,Medium,9,9.9,5.5,Moderate,49.8029706,Consumer Packaged Goods,Consumer Defensive
ABN.AS,ABN AMRO Bank N.V.,Amsterdam,86,Severe,90,85,84,Significant,-21.03213242,Banks—Diversified,Financial Services
RF,Regions Financial Corporation,Birmingham,20,Low,1.5,10.5,8,Moderate,28.25112108,Banks,Financial Services
DIM.PA,Sartorius Stedim Biotech S.A.,Aubagne,19,Negligible,2,9,8,,69.08986835,Medical Instruments & Supplies,Healthcare
CTL,CenturyLink Inc.,Monroe,26,Medium,4.8,13.2,7.9,Moderate,-12.80528053,Communication Services,Communication Services
PFG,Principal Financial Group Inc,Des moines,22,Medium,1.9,8.6,11.9,Moderate,24.51890423,Insurance - Life,Financial Services
DGX,Quest Diagnostics Incorporated,Secaucus,19,Low,0.1,10.3,8.6,Significant,28.24546655,Medical Diagnostics & Research,Healthcare
XYL,Xylem Inc. New,Rye brook,18,Negligible,3,10,5,Moderate,18.09052758,Industrial Products,Industrials
LNG,Cheniere Energy Inc.,Houston,28,Medium,14.4,8.5,4.7,Moderate,3.176212198,Oil & Gas - Midstream,Energy
DISCA,Discovery Communications Inc. Series A Common Stock,Silver spring,18,Low,0.2,9.1,8.8,,32.33629749,Entertainment,Consumer Cyclical
AKAM,Akamai Technologies Inc.,Cambridge,21,Medium,1.8,11.8,7.3,Low,41.4210871,Application Software,Technology
BMRN,BioMarin Pharmaceutical Inc.,Novato,27,Medium,0.1,18.9,8.1,Low,-0.704638873,Biotechnology,Healthcare
STX,Seagate Technology PLC,Dublin,15,Low,1.6,7.9,5.8,Moderate,54.18502203,Computer Hardware,Technology
UCB.BR,UCB SA,Anderlecht,30,Severe,1,18,11,Moderate,-0.561009818,Biotechnology,Healthcare
CAH,Cardinal Health Inc.,Dublin ohio,16,Low,1.9,8.9,5.5,Significant,13.40807175,Medical Distribution,Healthcare
L,Loews Corporation,New york city,32,High,2.4,11.6,18.2,Moderate,15.31195079,Insurance - Property & Casualty,Financial Services
LSXMK,Liberty Media Corporation Series C Liberty SiriusXM Common Stock,Englewood,19,Low,0.2,9.4,9.9,Low,30.17847485,Entertainment,Consumer Cyclical
MAA,Mid-America Apartment Communities Inc.,Germantown,19,Negligible,5,7,6,Low,37.78474399,REITs,Real Estate
ULTA,Ulta Beauty Inc.,Bolingbrook,17,Low,4.2,7.4,5.7,Moderate,3.389968959,Retail - Apparel & Specialty,Consumer Cyclical
CXO,Concho Resources Inc.,Midland,52,Severe,27.2,14,10.6,Low,-14.80688783,Oil & Gas - E&P,Energy
EXPE,Expedia Inc.,Seattle,23,Medium,4.1,10.8,8.3,Moderate,-4.003550821,Travel & Leisure,Consumer Cyclical
MGA,Magna International Inc.,Aurora,22,Medium,5.6,9.9,6.2,Low,20.66006601,Autos,Consumer Cyclical
CTXS,Citrix Systems Inc.,Fort lauderdale,18,Low,1.2,10.8,6.3,,8.237360921,Application Software,Technology
MGM,MGM Resorts International,Las vegas,25,Medium,2.2,11.1,12,Moderate,37.13932399,Travel & Leisure,Consumer Cyclical
KMX,CarMax Inc,Richmond,13,Negligible,0,9,4,Moderate,39.75769169,Autos,Consumer Cyclical
CAG,ConAgra Brands Inc.,Chicago,29,Medium,9.4,13.9,5.8,Significant,60.29962547,Consumer Packaged Goods,Consumer Defensive
MKL,Markel Corporation,Glen allen,31,Severe,2,11,18,Moderate,10.12667983,Insurance - Property & Casualty,Financial Services
TIF,Tiffany & Co.,New york city,18,Low,2.5,9.8,5.4,Moderate,66.00422308,Retail - Apparel & Specialty,Consumer Cyclical
FFH.TO,Fairfax Financial Holdings Limited,Toronto,34,Severe,2,13,19,Moderate,1.457619222,Insuranceâ€”Property & Casualty,Financial Services
SSNC,SS&C Technologies Holdings Inc.,Windsor,24,Medium,1.4,14.8,7.9,Moderate,36.11172689,Application Software,Technology
CFG,Citizens Financial Group Inc.,Providence,28,Medium,1.8,14.2,11.9,Significant,36.59603095,Banks,Financial Services
FCX,Freeport-McMoRan Inc.,Phoenix,40,Severe,21.7,11.8,6.8,Severe,27.25509214,Metals & Mining,Basic Materials
KSU,Kansas City Southern,Kansas city,22,Medium,8.8,9.9,3.9,Moderate,60.46097433,Transportation & Logistics,Industrials
IP,International Paper Company,Memphis,27,Medium,17,4.2,5.3,Significant,14.09811695,Packaging & Containers,Consumer Cyclical
OMC,Omnicom Group Inc.,New york,18,Low,0.1,10.1,7.9,Moderate,10.6226106,Advertising & Marketing Services,Consumer Cyclical
MRVL,Marvell Technology Group Ltd.,Hamilton,22,Medium,5.8,8.8,7.5,Moderate,64.05188388,Semiconductors,Technology
MLM,Martin Marietta Materials Inc.,Raleigh,33,High,19.2,4.7,8.7,Moderate,62.70436958,Building Materials,Basic Materials
BAP,Credicorp Ltd.,Hamilton,31,High,2.2,13.6,15.1,Moderate,-3.852573646,Banks,Financial Services
MXIM,Maxim Integrated Products Inc.,San jose,24,Medium,9.4,7.2,7.2,,20.96361849,Semiconductors,Technology
SAP.TO,Saputo Inc.,St-leonard,37,Severe,15,15,7,Moderate,2.577188058,Packaged Foods,Consumer Defensive
GWW,W.W. Grainger Inc.,Lake forest,13,Low,1.4,5.2,6.5,Low,19.88950276,Industrial Distribution,Industrials
ADP.PA,Aeroports de Paris SA,Tremblay-en-france,18,Negligible,2,9,6,,6.404833837,Airports & Air Services,Industrials
DOV,Dover Corporation,Downers grove,33,High,9.4,15.5,8,Low,62.45243129,Industrial Products,Industrials
CINF,Cincinnati Financial Corporation,Fairfield,27,Medium,1.7,9.1,15.8,Moderate,35.81761819,Insurance - Property & Casualty,Financial Services
LH,Laboratory Corporation of America Holdings,Burlington,20,Negligible,1,11,8,Moderate,33.87939221,Medical Diagnostics & Research,Healthcare
ANET,Arista Networks Inc.,Santa clara,20,Low,0.9,9.6,9,Moderate,-3.464641671,Computer Hardware,Technology
HES,Hess Corporation,New york city,32,High,17.5,6.8,7.2,Low,64.96296296,Oil & Gas - E&P,Energy
CHD,Church & Dwight Company Inc.,Ewing,25,Medium,8.9,8.6,8,Moderate,6.979927007,Consumer Packaged Goods,Consumer Defensive
KEYS,Keysight Technologies Inc.,Santa rosa california,10,Negligible,1.6,2.7,5.4,Low,65.3189433,Computer Hardware,Technology
ABC,AmerisourceBergen Corporation,Chesterbrook,18,Low,2.6,9.1,6.1,Significant,14.27419355,Medical Distribution,Healthcare
S,Sprint Corporation,Overland park,27,Medium,3,14.8,9.4,Moderate,-10.48109966,Communication Services,Communication Services
EFX,Equifax Inc.,Atlanta,28,Medium,0.2,21,7.1,Severe,50.45635134,Business Services,Industrials
QSR,Restaurant Brands International Inc.,Toronto,27,Medium,6.6,12.1,8,Significant,21.93116635,Restaurants,Consumer Cyclical
HPE,Hewlett Packard Enterprise Company,San jose,17,Low,0.8,9.8,6.6,Moderate,20.06056018,Communication Equipment,Technology
KEY,KeyCorp,Cleveland,25,Medium,2.1,11.8,10.7,Moderate,36.94181326,Banks,Financial Services
AJG,Arthur J. Gallagher & Co.,Rolling meadows,25,Medium,0.1,11,13.9,Moderate,29.21302578,Brokers & Exchanges,Financial Services
VMC,Vulcan Materials Company (Holding Company),Birmingham,33,High,19.7,4.8,8.8,Moderate,45.7388664,Building Materials,Basic Materials
GRMN,Garmin Ltd.,Schaffhausen,21,Medium,5.3,9.8,6.1,Low,54.07454201,Computer Hardware,Technology
MTD,Mettler-Toledo International Inc.,Columbus,12,Low,0.9,5.7,5.9,Low,40.25955656,Medical Instruments & Equipment,Healthcare
CAP.PA,Capgemini SE,Paris,15,Negligible,1,8,6,Moderate,25.46082949,Information Technology Services,Technology
ML.PA,Compagnie Generale des Etablissements Michelin,Clermont-ferrand,17,Negligible,4,6,7,Moderate,25.83621684,Auto Parts,Consumer Cyclical
FRC,FIRST REPUBLIC BANK,San francisco,26,Medium,2,12.5,11.8,Low,35.15535098,Banks,Financial Services
NDAQ,Nasdaq Inc.,New york,17,Negligible,2,8,7,Moderate,31.29827142,Brokers & Exchanges,Financial Services
CDW,CDW Corporation,Vernon hills,11,Low,3.6,3.5,4,,76.23689081,Application Software,Technology
CMS,CMS Energy Corporation,Jackson,28,Medium,13.6,9.1,4.9,Moderate,26.56596173,Utilities - Regulated,Utilities
DB,Deutsche Bank AG,Frankfurt,34,High,2,16.2,15.9,High,-4.539877301,Banks,Financial Services
HAL,Halliburton Company,Houston,31,High,11.3,11.3,8.1,Moderate,-7.938299473,Oil & Gas - Services,Energy
DSM.AS,Koninklijke DSM N.V.,Heerlen,19,Negligible,9,5,6,Low,62.51399776,Specialty Chemicals,Basic Materials
DISH,DISH Network Corporation,Englewood,21,Medium,2.4,9.2,9.1,Significant,42.05046055,Communication Services,Communication Services
CLX,Clorox Company (The),Oakland,23,Medium,8.2,8,7.3,Moderate,-0.38925652,Consumer Packaged Goods,Consumer Defensive
LR.PA,Legrand SA,Limoges,19,Negligible,5,6,8,Moderate,47.34279919,Specialty Industrial Machinery,Industrials
EDU,New Oriental Education & Technology Group Inc. Sponsored ADR representing 1 (Cayman Islands),Beijing,16,Low,0.2,9.4,6.1,Moderate,121.2187557,Education,Consumer Defensive
UAL,United Continental Holdings,Chicago,29,Medium,10.2,13.5,5.7,Moderate,5.207213663,Airlines,Industrials
NOKIA.PA,Nokia Corporation,Espoo,14,Negligible,1,7,6,Moderate,-34.58498024,Communication Equipment,Technology
SWKS,Skyworks Solutions Inc.,Woburn,32,High,14.6,9.1,8.6,,80.36407043,Semiconductors,Technology
WDC,Western Digital Corporation,San jose,18,Low,2.9,7.6,7.4,Low,71.67974033,Computer Hardware,Technology
AEE,Ameren Corporation,St. louis,36,High,18,11.4,6.5,Moderate,17.73723747,Utilities - Regulated,Utilities
FTNT,Fortinet Inc.,Sunnyvale,22,Medium,1.4,13.9,6.3,Moderate,51.58313219,Application Software,Technology
FTS,Fortis Inc.,St. johns,27,Medium,11.1,10.2,5.7,Moderate,24.46043165,Utilities - Regulated,Utilities
SYF,Synchrony Financial,Stamford,22,Medium,0.2,12.8,8.7,Moderate,53.49531117,Credit Services,Financial Services
CDNS,Cadence Design Systems Inc.,San jose,17,Low,1.2,10.6,5.5,,59.52161914,Application Software,Technology
ESS,Essex Property Trust Inc.,San mateo,16,Low,4.4,5.2,6.6,Low,22.694833,REITs,Real Estate
CBRE,CBRE Group Inc Class A,Los angeles,7,Negligible,1,2.7,3.6,Low,53.07192807,Real Estate Services,Real Estate
DLTR,Dollar Tree Inc.,Chesapeake,20,Low,3.9,9.9,6.1,Moderate,4.12976085,Retail - Defensive,Consumer Defensive
FAST,Fastenal Company,Winona,22,Medium,7.2,7.8,7.1,Moderate,41.3001912,Industrial Distribution,Industrials
FITB,Fifth Third Bancorp,Cincinnati,27,Medium,2.2,13,11.3,Moderate,30.64173396,Banks,Financial Services
LEN,Lennar Corporation Class A,Miami,23,Medium,7.9,9.3,6.2,Moderate,42.50319285,Homebuilding & Construction,Consumer Cyclical
GIB,CGI Group Inc.,Montreal,20,Low,1.2,11.3,7.2,,36.80339925,Application Software,Technology
NTRS,Northern Trust Corporation,Chicago,25,Medium,2.2,12.3,10.8,Moderate,27.09654265,Asset Management,Financial Services
ARE,Alexandria Real Estate Equities Inc.,Pasadena,15,Negligible,2,7,5,,40.21173204,REITs,Real Estate
GLW,Corning Incorporated,Corning,20,Low,7.1,5.1,7.7,Moderate,-3.641178418,Computer Hardware,Technology
FNV,Franco-Nevada Corporation,Toronto,17,Negligible,6,3,7,Moderate,47.21390908,Metals & Mining,Basic Materials
HIG,Hartford Financial Services Group Inc. (The),Hartford,21,Medium,1.5,8.6,10.5,Moderate,36.71541057,Insurance,Financial Services
VTR,Ventas Inc.,Chicago,14,Low,4.8,4.4,4.6,,-1.450759515,REITs,Real Estate
XLNX,Xilinx Inc.,San jose,23,Medium,9.6,5.9,7.5,,14.79394153,Semiconductors,Technology
DXCM,DexCom Inc.,San diego,42,Severe,6.5,22.5,13.1,Moderate,82.58764608,Medical Diagnostics & Research,Healthcare
MKC,McCormick & Company Incorporated,Sparks,32,Severe,11,15,6,Moderate,21.89744326,Consumer Packaged Goods,Consumer Defensive
DHI,D.R. Horton Inc.,Arlington,21,Medium,7.5,7.5,5.9,Moderate,52.19272937,Homebuilding & Construction,Consumer Cyclical
KR,Kroger Company (The),Cincinnati,20,Low,4.7,9.4,5.9,Significant,5.418181818,Retail - Defensive,Consumer Defensive
ALXN,Alexion Pharmaceuticals Inc.,Boston,27,Medium,0.1,18.8,8.2,Significant,11.08258012,Biotechnology,Healthcare
BXP,Boston Properties Inc.,Boston,14,Low,3.8,5.1,5.4,Low,22.48778321,REITs,Real Estate
MTB,M&T Bank Corporation,Buffalo,28,Medium,2.1,12.5,13.3,Moderate,18.59847691,Banks,Financial Services
APTV,Aptiv PLC,Dublin,19,Low,4.1,7.5,7.7,Moderate,54.24719831,Autos,Consumer Cyclical
WY,Weyerhaeuser Company,Seattle,19,Low,10.9,3.8,4.8,Significant,38.15187557,Forest Products,Basic Materials
BBY,Best Buy Co. Inc.,Richfield,12,Low,2.1,5.2,4.6,Moderate,65.78549849,Retail - Apparel & Specialty,Consumer Cyclical
ROK,Rockwell Automation Inc.,Milwaukee,22,Medium,6.6,9.1,6.8,Moderate,34.68234981,Industrial Products,Industrials
SNPS,Synopsys Inc.,Mountain view,20,Negligible,1,13,6,Low,65.24216524,Application Software,Technology
PXD,Pioneer Natural Resources Company,Irving,45,Severe,23.3,12.7,9.2,Low,15.09276156,Oil & Gas - E&P,Energy
CERN,Cerner Corporation,Kansas city,20,Low,0.1,12.9,6.9,Moderate,39.95041953,Application Software,Technology
K,Kellogg Company,Battle creek,26,Medium,7,13.8,5.2,Moderate,21.31205052,Consumer Packaged Goods,Consumer Defensive
STM.PA,STMicroelectronics N.V.,Plan-les-ouates,13,Negligible,3,4,6,,91.91353082,Semiconductors,Technology
DFS,Discover Financial Services,Riverwoods,21,Medium,0.1,10.8,9.9,Low,43.81146151,Credit Services,Financial Services
CPRT,Copart Inc.,Dallas,24,Medium,4.5,11.5,8.1,Low,90.33068229,Autos,Consumer Cyclical
ANSS,ANSYS Inc.,Canonsburg,16,Negligible,1,10,5,,80.08255212,Application Software,Technology
BLL,Ball Corporation,Broomfield,15,Low,9.4,1,4.5,Low,40.64810787,Packaging & Containers,Consumer Cyclical
IDXX,IDEXX Laboratories Inc.,Westbrook,36,Severe,5,19,12,,40.37737878,Medical Diagnostics & Research,Healthcare
AD.AS,Koninklijke Ahold Delhaize N.V.,Zaandam,18,Negligible,5,8,4,Moderate,0.996376812,Grocery Stores,Consumer Defensive
MCHP,Microchip Technology Incorporated,Chandler,34,High,16.2,9.4,8.5,Low,45.60622914,Semiconductors,Technology
MSCI,MSCI Inc,New york city,23,Medium,0.1,16.4,6.7,Low,75.12039612,Brokers & Exchanges,Financial Services
TU,Telus Corporation,Vancouver,20,Negligible,4,11,6,Moderate,16.86783343,Communication Services,Communication Services
CMG,Chipotle Mexican Grill Inc.,Newport beach,25,Medium,4.3,14.5,6.2,Significant,93.86970518,Restaurants,Consumer Cyclical
AWK,American Water Works Company Inc.,Camden,29,Medium,13.1,10.1,6.1,Moderate,35.34207337,Utilities - Regulated,Utilities
NTR,Nutrien Ltd.,Saskatoon,47,Severe,20.2,18.1,9.1,Significant,1.936170213,Agriculture,Basic Materials
GLE.PA,Societe Generale Societe anonyme,Paris,33,Severe,2,15,16,Significant,11.46657081,Banks—Regional,Financial Services
SPLK,Splunk Inc.,San francisco,21,Medium,1.5,13.5,6.1,,42.84215546,Application Software,Technology
VRSN,VeriSign Inc.,Reston,24,Medium,3.1,12.5,8.1,,29.93458763,Online Media,Technology
RCL,Royal Caribbean Cruises Ltd.,Miami,22,Medium,9.9,8,4.1,Significant,36.52725228,Travel & Leisure,Consumer Cyclical
SWK,Stanley Black & Decker Inc.,New britain,32,High,7,16.5,8.6,Low,38.41656923,Industrial Products,Industrials
CMI,Cummins Inc.,Columbus,19,Low,3.3,9.1,6.4,Moderate,33.91200239,Industrial Products,Industrials
ADM,Archer-Daniels-Midland Company,Chicago,35,High,15.9,13.6,5.9,Significant,13.13155968,Consumer Packaged Goods,Consumer Defensive
AZO,AutoZone Inc.,Memphis,12,Negligible,0,8,4,Moderate,42.10344252,Retail - Apparel & Specialty,Consumer Cyclical
DTE,DTE Energy Company,Detroit,31,Severe,14,10,6,Moderate,17.7425204,Utilities - Regulated,Utilities
FTV,Fortive Corporation,Everett,32,High,10.5,14.6,7.1,Moderate,12.90274904,Computer Hardware,Technology
HRL,Hormel Foods Corporation,Austin,28,Medium,10.5,12.3,5.2,Moderate,5.693533271,Consumer Packaged Goods,Consumer Defensive
O,Realty Income Corporation,San diego,18,Low,6.7,6.7,4.9,Low,16.79885787,REITs,Real Estate
TWTR,Twitter Inc.,San francisco,24,Medium,3.1,11.9,8.8,Moderate,11.51704941,Online Media,Technology
WCN,Waste Connections Inc.,Concord,24,Medium,13,7.2,4.3,Low,22.27609428,Waste Management,Industrials
WMB,Williams Companies Inc. (The),Tulsa,32,High,15.4,13.2,3.3,Significant,7.573696145,Oil & Gas - Midstream,Energy
A,Agilent Technologies Inc.,Santa clara,18,Low,0.9,9.4,7.2,Moderate,26.46012452,Medical Diagnostics & Research,Healthcare
DLR,Digital Realty Trust Inc.,San francisco,14,Low,3.4,5.4,5.6,Low,12.37916471,REITs,Real Estate
ETR,Entergy Corporation,New orleans,35,Severe,15,14,6,Moderate,39.18903218,Utilities - Regulated,Utilities
FCAU,Fiat Chrysler Automobiles N.V.,London,29,Medium,9.7,9,10,Significant,1.590594744,Autos,Consumer Cyclical
PCAR,PACCAR Inc.,Bellevue,35,High,8.2,17.3,9.6,Significant,38.4319216,Truck Manufacturing,Industrials
PH,Parker-Hannifin Corporation,Cleveland,30,Medium,7,14.7,7.9,Moderate,38.00455947,Industrial Products,Industrials
PPL,PPL Corporation,Allentown,36,High,18.7,10.1,7.1,Moderate,26.65019414,Utilities - Regulated,Utilities
MCK,McKesson Corporation,Irving,20,Low,2.1,11.6,6.3,High,25.21046438,Medical Distribution,Healthcare
AMTD,TD Ameritrade Holding Corporation,Omaha,30,Medium,0.7,12.5,16.6,Moderate,1.511437908,Brokers & Exchanges,Financial Services
VRSK,Verisk Analytics Inc.,Jersey city,22,Medium,0.1,14.6,7,Low,36.95891416,Business Services,Industrials
KLAC,KLA-Tencor Corporation,Milpitas,19,Low,5.7,7.2,6.3,,99.09487094,Semiconductors,Technology
EIX,Edison International,Rosemead,38,High,18.5,12,7.8,Significant,32.83424344,Utilities - Regulated,Utilities
FE,FirstEnergy Corporation,Akron,40,High,18.5,14.1,7.2,Moderate,29.42743009,Utilities - Regulated,Utilities
WLTW,Willis Towers Watson Public Limited Company,London,22,Medium,0.2,11,10.6,Moderate,32.97774266,Brokers & Exchanges,Financial Services
GIB-A.TO,CGI Inc.,Montreal,20,Negligible,1,11,7,,30.14371257,Information Technology Services,Technology
STT,State Street Corporation,Boston,21,Medium,1.9,11.3,8,Moderate,25.41620422,Asset Management,Financial Services
LYB,LyondellBasell Industries NV Class A (Netherlands),London,26,Medium,15.6,2.8,7.1,Moderate,13.61231361,Chemicals,Basic Materials
FLT,FleetCor Technologies Inc.,Atlanta,20,Low,0.2,11.8,7.7,Low,54.92138703,Business Services,Industrials
EBAY,eBay Inc.,San jose,20,Medium,1.7,11.1,7.4,Moderate,28.64267902,Retail - Apparel & Specialty,Consumer Cyclical
SBAC,SBA Communications Corporation,Boca raton,17,Low,2.4,7.8,7.1,,48.86033727,Communication Services,Communication Services
TAL,TAL Education Group American Depositary Shares,Beijing,15,Low,0.2,9.5,5.2,,80.65967016,Education,Consumer Defensive
VIV.PA,Vivendi SA,Paris,13,Negligible,0,5,8,Moderate,21.33458647,Broadcasting,Communication Services
LUV,Southwest Airlines Company,Dallas,32,High,9.7,15.9,6.4,Moderate,16.13597246,Airlines,Industrials
PPG,PPG Industries Inc.,Pittsburgh,31,Severe,12,10,9,Moderate,30.57810819,Chemicals,Basic Materials
CTAS,Cintas Corporation,Cincinnati,26,Medium,5.5,12.4,7.6,Moderate,60.17620096,Retail - Apparel & Specialty,Consumer Cyclical
SCCO,Southern Copper Corporation,Phoenix,48,Severe,21,19.6,6.8,Severe,38.05654859,Metals & Mining,Basic Materials
ES,Eversource Energy (D/B/A),Springfield,24,Medium,7.8,9.6,6.6,Moderate,30.79643296,Utilities - Regulated,Utilities
PEG,Public Service Enterprise Group Incorporated,Newark,29,Medium,14.2,9.3,5.5,Moderate,13.44860711,Utilities - Regulated,Utilities
AVB,AvalonBay Communities Inc.,Arlington,13,Negligible,4,4,5,Low,20.48261994,REITs,Real Estate
IQV,IQVIA Holdings Inc.,Durham,24,Medium,1.7,14.7,7.9,Low,33.00335715,Medical Diagnostics & Research,Healthcare
RSG,Republic Services Inc.,Phoenix,24,Medium,13.1,6.9,3.8,Significant,24.33069774,Waste Management,Industrials
HLT,Hilton Worldwide Holdings Inc.,Mc lean,21,Medium,8.3,8.3,4,Moderate,54.47075209,Travel & Leisure,Consumer Cyclical
JCI,Johnson Controls International plc,Cork,18,Low,5.8,5.2,6.8,Significant,37.30185497,Building Materials,Basic Materials
MSI,Motorola Solutions Inc.,Chicago,15,Negligible,1,8,5,Significant,40.07301808,Communication Equipment,Technology
TSN,Tyson Foods Inc.,Springdale,44,Severe,15.3,15.6,12.8,High,70.48689139,Consumer Packaged Goods,Consumer Defensive
STI,SunTrust Banks Inc.,Atlanta,28,Medium,2.4,15.3,10.1,Significant,39.03647898,Banks,Financial Services
ZBH,Zimmer Biomet Holdings Inc.,Warsaw indiana,34,High,3.8,18.5,11.5,Moderate,44.31160818,Medical Devices,Healthcare
EQR,Equity Residential of Beneficial Interest,Chicago,16,Low,4.5,5.4,5.9,Moderate,22.58748674,REITs,Real Estate
OKE,ONEOK Inc.,Tulsa,27,Medium,13.1,10.4,3.6,Low,40.25949954,Oil & Gas - Midstream,Energy
HPQ,HP Inc.,Palo alto,11,Low,0.2,5.5,5.7,Moderate,0.439882698,Computer Hardware,Technology
TFA.BR,"Telefonica, S.A.",Madrid,18,Negligible,1,9,8,Moderate,-15.41609823,Telecom Services,Communication Services
INFO,IHS Markit Ltd.,London,23,Medium,0.1,15.8,7.4,Low,57.07734,Application Software,Technology
ED,Consolidated Edison Inc.,New york city,29,Medium,7.9,13.5,7.2,Significant,18.3233063,Utilities - Regulated,Utilities
PAYX,Paychex Inc.,Rochester,16,Low,0.1,9.2,6.9,,30.56024559,Business Services,Industrials
WEC,WEC Energy Group Inc.,Milwaukee,33,High,17.2,9.9,5.7,Moderate,33.16488594,Utilities - Regulated,Utilities
CCL,Carnival Corporation,Miami,20,Medium,8.3,8.2,3.7,Significant,3.103448276,Travel & Leisure,Consumer Cyclical
LULU,lululemon athletica inc.,Vancouver,14,Low,1.1,6.4,6.1,Moderate,90.50242579,Retail - Apparel & Specialty,Consumer Cyclical
ORLY,O'Reilly Automotive Inc.,Springfield,13,Negligible,0,9,4,Moderate,27.27906369,Retail - Apparel & Specialty,Consumer Cyclical
SIRI,Sirius XM Holdings Inc.,New york city,20,Low,2.1,8.7,8.7,Moderate,25.21891419,Entertainment,Consumer Cyclical
TROW,T. Rowe Price Group Inc.,Baltimore,23,Medium,3,11.8,8.6,Moderate,31.97573657,Asset Management,Financial Services
TEL,TE Connectivity Ltd. New Switzerland Registered Shares,Schaffhausen,9,Negligible,1.2,3.5,4.3,Low,26.72220019,Computer Hardware,Technology
BF-B,Brown-Forman Corporation,Louisville,20,Negligible,6,8,6,,0.029594555,Beveragesâ€”Wineries & Distilleries,Consumer Defensive
IR,Ingersoll-Rand plc (Ireland),Swords,25,Medium,6.8,11.7,6.7,Moderate,45.69768716,Industrial Products,Industrials
YUM,Yum! Brands Inc.,Louisville,20,Medium,4.1,10.9,5.3,Significant,9.584421236,Restaurants,Consumer Cyclical
GIS,General Mills Inc.,Minneapolis,22,Medium,6.8,9.9,5.7,Significant,37.54494093,Consumer Packaged Goods,Consumer Defensive
EA,Electronic Arts Inc.,Redwood city,15,Low,0.1,9,5.7,Moderate,36.24382208,Application Software,Technology
SQ,Square Inc. Class A,San francisco,20,Medium,0.2,12,8.2,,11.53503298,Application Software,Technology
VFC,V.F. Corporation,Greenwood village,13,Low,1.2,6.3,5.3,Moderate,48.34772254,Manufacturing - Apparel & Furniture,Consumer Cyclical
CTSH,Cognizant Technology Solutions Corporation,Teaneck,19,Low,1,9.6,8.5,Moderate,-2.299936988,Application Software,Technology
ET,Energy Transfer LP,Dallas,44,Negligible,39,38,60,Severe,-2.87660863,Oil & Gas Midstream,Energy
TRV,The Travelers Companies Inc.,Saint paul,24,Medium,1.5,9.1,12.9,Moderate,14.36325678,Insurance - Property & Casualty,Financial Services
CNQ,Canadian Natural Resources Limited,Calgary,35,High,16.5,8.9,10.1,Low,34.06547866,Oil & Gas - E&P,Energy
WELL,Welltower Inc.,Toledo,16,Low,4.7,5,6.1,,17.82163953,REITs,Real Estate
F,Ford Motor Company,Dearborn,30,Medium,9.2,10.2,10.4,Significant,21.56862745,Autos,Consumer Cyclical
TDG,Transdigm Group Incorporated Inc.,Cleveland,41,Severe,11.2,20.3,9.5,Moderate,64.67682174,Aerospace & Defense,Industrials
MPC,Marathon Petroleum Corporation,Findlay,38,High,22.5,9.5,6.2,Moderate,2.101338756,Oil & Gas - Refining & Marketing,Energy
ACA.PA,Credit Agricole S.A.,Paris,31,Severe,2,13,16,Significant,37.11558855,Banks—Regional,Financial Services
MNST,Monster Beverage Corporation,Corona,33,High,14.2,12.3,6.7,Moderate,29.11418123,Beverages - Non-Alcoholic,Consumer Defensive
XEL,Xcel Energy Inc.,Minneapolis,29,Medium,14.7,8.4,5.8,Low,28.86137609,Utilities - Regulated,Utilities
VLO,Valero Energy Corporation,San antonio,37,High,21.9,9.9,5.4,Significant,24.91663332,Oil & Gas - Refining & Marketing,Energy
OXY,Occidental Petroleum Corporation,Houston,38,High,22.7,7.5,7.5,Moderate,-32.86086673,Oil & Gas - Integrated,Energy
STZ,Constellation Brands Inc.,Victor,23,Medium,7.5,9.3,6.1,Moderate,17.98905609,Beverages - Alcoholic,Consumer Defensive
DELL,Dell Technologies Inc.,Round rock,17,Negligible,0,8,9,Moderate,5.156537753,Computer Hardware,Technology
KHC,The Kraft Heinz Company,Pittsburgh,32,High,11.6,14,5.9,Significant,-25.34851301,Consumer Packaged Goods,Consumer Defensive
NXPI,NXP Semiconductors N.V.,Eindhoven,24,Medium,9.2,7,7.9,Low,73.66266376,Semiconductors,Technology
CP,Canadian Pacific Railway Limited,Calgary,21,Medium,6.6,10.7,3.9,Moderate,43.53676388,Transportation & Logistics,Industrials
DAL,Delta Air Lines Inc.,Atlanta,26,Medium,8.7,11.8,5.3,Moderate,17.19438878,Airlines,Industrials
NEM,Newmont Mining Corporation,Greenwood village,25,Medium,10.4,9.1,5.6,Significant,25.3968254,Metals & Mining,Basic Materials
REGN,Regeneron Pharmaceuticals Inc.,Tarrytown,25,Medium,0.1,16.7,8.1,Moderate,0.530120482,Biotechnology,Healthcare
CNC,Centene Corporation,St. louis,29,Medium,0.1,21.8,7.1,Moderate,9.054640069,Health Care Plans,Healthcare
PRU,Prudential Financial Inc.,Newark,19,Low,0.6,9.7,8.3,Moderate,14.94788473,Insurance - Life,Financial Services
ENGI.PA,ENGIE SA,Paris,33,Severe,13,11,9,Significant,14.92418196,Utilities—Diversified,Utilities
FDX,FedEx Corporation,Memphis,22,Medium,6.2,9.1,6.2,Significant,-6.272856877,Transportation & Logistics,Industrials
ALL,Allstate Corporation (The),Northbrook,21,Medium,1.5,8.6,11.3,Moderate,36.08858768,Insurance - Property & Casualty,Financial Services
AFL,AFLAC Incorporated,Columbus,24,Medium,2,8.8,13.6,Moderate,16.11062335,Insurance - Life,Financial Services
DD,"DuPont de Nemours, Inc.",Wilmington,31,Severe,14,9,8,Significant,-15.65948502,Chemicals,Basic Materials
MFC,Manulife Financial Corporation,Toronto,20,Low,0.6,9.1,10.4,Moderate,42.98801973,Insurance - Life,Financial Services
MEURV.BR,Munchener Ruckversicherungs-Gesellschaft Aktiengesellschaft,Muenchen,17,Negligible,1,8,9,Moderate,44.75828354,Insurance—Reinsurance,Financial Services
PSA,Public Storage,Glendale,18,Low,6.2,6.4,5.8,Low,5.212193073,REITs,Real Estate
DG,Dollar General Corporation,Goodlettsville,17,Low,3.3,8.5,5.4,Moderate,44.31902295,Retail - Defensive,Consumer Defensive
ETN,Eaton Corporation PLC,Dublin,18,Low,4.6,7.1,6.1,Moderate,37.95514128,Industrial Products,Industrials
ROP,Roper Technologies Inc.,Lakewood ranch,44,Severe,18.5,16.6,9,,32.90935014,Industrial Products,Industrials
BK,Bank of New York Mellon Corporation (The),New york city,25,Medium,2.4,12.2,10.2,Significant,6.925855109,Asset Management,Financial Services
DSY.PA,Dassault Systemes SE,Velizy villacoublay,16,Negligible,1,9,6,Moderate,41.32111861,Software—Application,Technology
ROST,Ross Stores Inc.,Dublin california,16,Low,2,7.6,6.3,Moderate,39.92788462,Retail - Apparel & Specialty,Consumer Cyclical
RI.PA,Pernod Ricard SA,Paris,16,Negligible,4,5,6,Low,11.23517097,Beverages—Wineries & Distilleries,Consumer Defensive
ADI,Analog Devices Inc.,Norwood,26,Medium,10.5,7.7,7.8,,38.45974601,Semiconductors,Technology
SPG,Simon Property Group Inc.,Indianapolis,16,Low,4.3,4.8,6.5,Low,-11.32805524,REITs,Real Estate
NTES,NetEase Inc.,Beijing,19,Low,0.1,11,7.4,Moderate,30.2799847,Online Media,Technology
SYY,Sysco Corporation,Houston,13,Low,2.5,5.6,4.7,Moderate,36.51452282,Retail - Defensive,Consumer Defensive
PSX,Phillips 66,Houston,31,High,19.3,7.1,4.7,Significant,29.32095183,Oil & Gas - Refining & Marketing,Energy
RACE,Ferrari N.V.,Maranello,26,Medium,6.1,11.5,8.3,Low,66.47224457,Autos,Consumer Cyclical
BCE,BCE Inc.,Verdun,21,Medium,2.9,11.8,5.9,Moderate,17.25271945,Communication Services,Communication Services
ABX.TO,Barrick Gold Corporation,Toronto,33,Severe,14,12,6,High,30.87357569,Gold,Basic Materials
WDAY,Workday Inc.,Pleasanton,16,Low,1.2,8.2,6.4,,2.987224449,Application Software,Technology
ILMN,Illumina Inc.,San diego,15,Low,1.4,6.3,7.4,Low,10.60580802,Medical Instruments & Equipment,Healthcare
BIDU,Baidu Inc.,Beijing,25,Medium,2.7,13.7,8.9,Significant,-20.30264817,Online Media,Technology
ADSK,Autodesk Inc.,San rafael california,20,Low,1.3,12.8,5.6,,42.64831662,Application Software,Technology
EOG,EOG Resources Inc.,Houston,45,Severe,24,12.8,8,Low,-3.955968352,Oil & Gas - E&P,Energy
AIG,American International Group Inc.,New york city,29,Medium,1.9,11.6,16,Moderate,30.24613042,Insurance,Financial Services
EMR,Emerson Electric Company,St. louis,23,Medium,7.1,8.4,7.9,Moderate,27.63179916,Industrial Products,Industrials
LRCX,Lam Research Corporation,Fremont,16,Low,4.2,5.7,6.4,,114.7315855,Semiconductors,Technology
SRE,Sempra Energy,San diego,29,Medium,13.2,10.3,5.9,Significant,40.0129402,Utilities - Regulated,Utilities
HUM,Humana Inc.,Louisville,24,Medium,0.1,17.2,6.2,Moderate,27.93912315,Health Care Plans,Healthcare
UBS,UBS Group AG Registered,Zuerich,34,High,1.4,17.4,15.7,Significant,1.615508885,Banks,Financial Services
WBA,Walgreens Boots Alliance Inc.,Deerfield,17,Low,2.5,10.4,4.5,Significant,-13.71286404,Drug Manufacturers,Healthcare
BAX,Baxter International Inc.,Deerfield,29,Medium,2.6,17.5,8.8,Significant,27.04345184,Medical Instruments & Equipment,Healthcare
COF,Capital One Financial Corporation,Mc lean,26,Medium,0.1,15.7,10.2,High,36.14234687,Credit Services,Financial Services
EXC,Exelon Corporation,Chicago,26,Medium,10.1,9.3,6.5,Moderate,1.086474501,Utilities - Regulated,Utilities
ATVI,Activision Blizzard Inc,Santa monica,17,Low,0.2,10.5,6.1,Moderate,27.59287095,Application Software,Technology
MAR,Marriott International,Bethesda,25,Medium,9.9,10.8,4.5,Significant,39.48968312,Travel & Leisure,Consumer Cyclical
SLB,Schlumberger N.V.,Houston,24,Medium,9.7,6.6,7.4,Significant,11.41906874,Oil & Gas - Services,Energy
MET,MetLife Inc.,New york city,23,Medium,1.3,10.6,11.6,Moderate,24.13541159,Insurance - Life,Financial Services
GM,General Motors Company,Detroit,31,High,10.1,12.2,8.6,High,9.417040359,Autos,Consumer Cyclical
PGR,Progressive Corporation (The),Mayfield village,23,Medium,2.1,7.8,13.3,Moderate,19.9900547,Insurance - Property & Casualty,Financial Services
ENI.BR,Eni S.p.A.,Roma,31,Severe,13,7,11,High,5.111111111,Oil & Gas Integrated,Energy
KMI,Kinder Morgan Inc.,Houston,24,Medium,9.4,10.2,4.2,Moderate,37.64629389,Oil & Gas - Midstream,Energy
SU,Suncor Energy Inc.,Calgary,27,Medium,16.1,5,5.8,Moderate,17.26850197,Oil & Gas - Integrated,Energy
HCA,HCA Healthcare Inc.,Nashville,28,Medium,3.4,17.2,7.7,Moderate,18.7705906,Health Care Providers,Healthcare
EW,Edwards Lifesciences Corporation,Irvine,22,Medium,2.6,11,8,Moderate,52.30789319,Medical Devices,Healthcare
KMB,Kimberly-Clark Corporation,Irving,22,Medium,7.6,7.4,6.9,Significant,20.72143233,Consumer Packaged Goods,Consumer Defensive
MCO,Moody's Corporation,New york city,15,Low,1.5,7,7,Significant,69.53013425,Business Services,Industrials
BIIB,Biogen Inc.,Cambridge,23,Medium,0,15,8.5,Moderate,-1.39239665,Biotechnology,Healthcare
BMO,Bank Of Montreal,Toronto,22,Medium,1.7,11.4,8.8,Moderate,18.59219587,Banks,Financial Services
SU.PA,Schneider Electric S.E.,Rueil-malmaison,13,Negligible,2,5,7,Moderate,53.21500335,Specialty Industrial Machinery,Industrials
DE,Deere & Company,Moline,19,Low,4.3,11.1,3.5,Moderate,16.14935979,Farm & Construction Machinery,Industrials
LVS,Las Vegas Sands Corp.,Las vegas,19,Low,1.6,9.4,8.3,Moderate,32.64169068,Travel & Leisure,Consumer Cyclical
AEP,American Electric Power Company Inc.,Columbus,31,High,16.4,8.7,5.5,Moderate,26.45169922,Utilities - Regulated,Utilities
EQIX,Equinix Inc.,Redwood city,16,Low,5.4,5.2,5.5,,65.56047198,Online Media,Technology
TRP,TransCanada Corporation,Calgary,27,Medium,12.8,10.9,3.4,Significant,49.32773109,Oil & Gas - Midstream,Energy
WM,Waste Management Inc.,Houston,15,Low,7.8,3.6,3.8,Moderate,28.05933251,Waste Management,Industrials
GD,General Dynamics Corporation,Reston,39,High,10.1,21.3,7.5,Significant,12.17479804,Aerospace & Defense,Industrials
SHW,Sherwin-Williams Company (The),Cleveland,31,Severe,13,11,6,Moderate,48.30986631,Building Materials,Basic Materials
APD,Air Products and Chemicals Inc.,Allentown,12,Low,6.6,2,3.7,Moderate,46.82286785,Chemicals,Basic Materials
AMAT,Applied Materials Inc.,Santa clara,17,Low,5.4,5.4,6.4,Low,86.43860721,Semiconductors,Technology
ICE,Intercontinental Exchange Inc.,Atlanta,16,Low,2.1,6.6,7.3,Significant,22.85941856,Brokers & Exchanges,Financial Services
NSC,Norfolk Southern Corporation,Norfolk,24,Medium,8.9,11.8,3.7,Moderate,29.81810887,Transportation & Logistics,Industrials
JD,JD.com Inc.,Beijing,25,Medium,7.3,8.8,8.9,Moderate,68.32298137,Online Media,Technology
HEIA.AS,Heineken N.V.,Amsterdam,18,Negligible,5,8,6,Significant,22.95336788,Beverages—Brewers,Consumer Defensive
ITW,Illinois Tool Works Inc.,Glenview,21,Medium,4.8,9.6,6.2,Moderate,41.78703923,Industrial Products,Industrials
ECL,Ecolab Inc.,Saint paul,32,Severe,14,10,8,Moderate,30.97387173,Chemicals,Basic Materials
MMC,Marsh & McLennan Companies Inc.,New york city,19,Low,0.1,7.8,10.8,Moderate,39.69905956,Brokers & Exchanges,Financial Services
TGT,Target Corporation,Minneapolis,16,Low,1.9,8.8,5.4,Significant,93.99303979,Retail - Defensive,Consumer Defensive
CS.PA,AXA SA,New york city,18,Negligible,1,9,9,Significant,33.13891835,Insurance—Diversified,Financial Services
VRTX,Vertex Pharmaceuticals Incorporated,Boston,26,Medium,0.2,18.1,7.8,Moderate,32.12841711,Biotechnology,Healthcare
CL,Colgate-Palmolive Company,New york city,22,Medium,6.5,8.9,6.7,Significant,15.65860215,Consumer Packaged Goods,Consumer Defensive
GPN,Global Payments Inc.,Atlanta,22,Medium,0.2,14,8,Moderate,77.01929603,Business Services,Industrials
BSX,Boston Scientific Corporation,Marlborough,34,High,3.3,18.8,12.3,High,27.95698925,Medical Devices,Healthcare
CSX,CSX Corporation,Jacksonville,22,Medium,6.8,12.4,3.3,Significant,16.46547562,Transportation & Logistics,Industrials
SCHW,Charles Schwab Corporation (The),San francisco,27,Medium,1.7,11.1,14,Moderate,14.51962437,Brokers & Exchanges,Financial Services
PLD,ProLogis Inc.,San francisco,10,Low,2.7,2.9,4.6,,51.80517711,REITs,Real Estate
BNP.PA,BNP Paribas SA,Paris,30,Severe,2,15,14,Significant,33.84849253,Banks—Regional,Financial Services
MU,Micron Technology Inc.,Boise,34,High,17.4,9.1,7.5,Low,69.49259376,Semiconductors,Technology
AGN,Allergan plc,Dublin,31,High,1.3,18.3,11.7,Significant,43.02708365,Drug Manufacturers,Healthcare
SANTA.BR,"Banco Santander, S.A.",Boadilla del monte,33,Severe,2,17,13,Significant,-5.852417303,Banksâ€”Diversified,Financial Services
AI.PA,L'AirÂ LiquideÂ S.A.,Paris,13,Negligible,6,4,4,Moderate,16.3669894,Chemicals,Basic Materials
SAF.PA,Safran SA,Paris,31,Severe,8,14,9,Moderate,30.59772296,Aerospace & Defense,Industrials
BAM,Brookfield Asset Management Inc.,Toronto,35,Severe,3,18,14,Significant,50.71707953,Real Estate Services,Real Estate
CCI,Crown Castle International Corp. (REIT),Houston,21,Medium,9,5.4,6.2,Low,30.85703765,REITs,Real Estate
RTN,Raytheon Company,Waltham,36,High,9.5,18.2,8.1,Significant,43.29312031,Aerospace & Defense,Industrials
VMW,Vmware Inc. Class A,Palo alto,16,Low,0.8,9.3,5.9,,10.69058558,Application Software,Technology
NOW,ServiceNow Inc.,Santa clara,22,Medium,1.5,13.7,6.7,Low,58.56220163,Application Software,Technology
NOC,Northrop Grumman Corporation,Falls church,30,High,9.4,15.4,5.3,Significant,40.45324622,Conglomerates,Industrials
PNC,PNC Financial Services Group Inc. (The),Pittsburgh,20,Medium,1.7,10.5,8.2,Moderate,36.54092892,Banks,Financial Services
ZTS,Zoetis Inc. Class A,Parsippany,28,Medium,2.7,13.9,11.6,Low,54.72293664,Drug Manufacturers,Healthcare
ISRG,Intuitive Surgical Inc.,Sunnyvale,35,High,5.5,18.4,11.3,Moderate,23.43397645,Medical Devices,Healthcare
COP,ConocoPhillips,Houston,31,High,16.2,7.8,6.7,Moderate,4.298315958,Oil & Gas - E&P,Energy
BNS,Bank Nova Scotia Halifax Pfd 3,Toronto,24,Medium,2.5,11.5,9.7,Significant,13.27451374,Banks,Financial Services
ANTM,Anthem Inc.,Indianapolis,24,Medium,0.1,17.1,6.6,Significant,15.0020942,Health Care Plans,Healthcare
CNI,Canadian National Railway Company,Montreal,18,Low,5.9,9,3.5,Moderate,22.04830657,Transportation & Logistics,Industrials
TMUS,T-Mobile US Inc.,Bellevue,25,Medium,4.9,12.6,7.4,Significant,23.28250275,Communication Services,Communication Services
CB,Chubb Limited,Zuerich,23,Medium,1.5,10.3,11.5,Moderate,20.49852918,Insurance - Property & Casualty,Financial Services
KER.PA,Kering SA,Paris,12,Negligible,1,5,7,Significant,42.17687075,Footwear & Accessories,Consumer Cyclical
DTEL.BR,Deutsche Telekom AG,Bonn,18,Negligible,3,8,7,Moderate,-0.747790619,Telecom Services,Communication Services
RMS.PA,Hermes International Societe en commandite par actions,Paris,11,Negligible,1,4,6,Moderate,37.41749175,Luxury Goods,Consumer Cyclical
DUK,Duke Energy Corporation (Holding Company),Charlotte,34,High,16.2,10.6,7.2,Significant,5.689455388,Utilities - Regulated,Utilities
EL,Estee Lauder Companies Inc. (The),New york city,27,Medium,9,9.4,9.1,Moderate,58.754804,Consumer Packaged Goods,Consumer Defensive
D,Dominion Energy Inc.,Richmond,35,High,17.7,10.8,6.2,Moderate,15.89700532,Utilities - Regulated,Utilities
TJX,TJX Companies Inc. (The),Framingham,15,Low,2.1,7.6,5.7,Moderate,36.47742512,Retail - Apparel & Specialty,Consumer Cyclical
SPGI,S&P Global Inc.,New york city,13,Low,1.4,5.9,6.1,Significant,60.67435565,Business Services,Industrials
BX,The Blackstone Group L.P. Representing Limited Partnership Interests,New york city,36,High,3.5,15,17.1,Moderate,87.65514928,Asset Management,Financial Services
SO,Southern Company (The),Atlanta,34,High,14.1,12.4,7.2,Moderate,45.03642987,Utilities - Regulated,Utilities
INTU,Intuit Inc.,Mountain view,18,Low,1.1,11.3,5.8,Low,33.06070612,Application Software,Technology
CAT,Caterpillar Inc.,Deerfield,38,High,7.2,20.7,9.8,High,16.21940663,Farm & Construction Machinery,Industrials
ADP,Automatic Data Processing Inc.,Roseland,15,Low,0.1,8.3,6.4,Low,30.03355705,Business Services,Industrials
BDX,Becton Dickinson and Company,Franklin lakes,33,High,3.4,18.5,11.1,Significant,20.7038878,Medical Instruments & Equipment,Healthcare
CELG,Celgene Corporation,Summit,22,Medium,0,14.4,7.8,Moderate,68.88750195,Biotechnology,Healthcare
CDI.PA,Christian Dior SE,Paris,11,Negligible,1,4,6,Moderate,36.80742737,Luxury Goods,Consumer Cyclical
BKNG,Booking Holdings Inc.,Norwalk,19,Negligible,4,9,6,Moderate,19.2351459,Travel & Leisure,Consumer Cyclical
CME,CME Group Inc.,Chicago,17,Low,2.8,7.4,6.8,Moderate,6.697852435,Brokers & Exchanges,Financial Services
SYK,Stryker Corporation,Portage,37,High,4,20.8,12.3,High,33.93301435,Medical Devices,Healthcare
GILD,Gilead Sciences Inc.,Foster city,22,Medium,0,14.3,8.1,Moderate,3.884892086,Biotechnology,Healthcare
FISV,Fiserv Inc.,Brookfield,20,Low,0.2,12,7.5,Moderate,57.34113485,Business Services,Industrials
ENB,Enbridge Inc,Calgary,26,Medium,11.3,10.3,4.4,Significant,27.96010296,Oil & Gas - Midstream,Energy
DGE.PA,Diageo plc,London,16,Negligible,3,7,6,Significant,19.25525143,Beverages—Wineries & Distilleries,Consumer Defensive
MDLZ,Mondelez International Inc.,Deerfield,26,Medium,9.5,10.9,5.7,Moderate,37.5968024,Consumer Packaged Goods,Consumer Defensive
USB,U.S. Bancorp,Minneapolis,27,Medium,1.7,13.1,11.7,Significant,29.73741794,Banks,Financial Services
MS,Morgan Stanley,New york city,24,Medium,0.9,13.7,9.1,Significant,28.92812106,Brokers & Exchanges,Financial Services
GS,Goldman Sachs Group Inc. (The),New york city,32,High,0.9,14.8,16.4,High,37.64142472,Brokers & Exchanges,Financial Services
MO,Altria Group Inc.,Richmond,25,Medium,6.3,12.4,6.3,Significant,1.052844705,Tobacco Products,Consumer Defensive
CVS,CVS Health Corporation,Woonsocket,20,Medium,2.9,12.1,5.4,Significant,13.38522589,Health Care Plans,Healthcare
FIS,Fidelity National Information Services Inc.,Jacksonville,19,Low,0.1,12.4,6.8,Low,35.63139932,Application Software,Technology
LOW,Lowe's Companies Inc.,Mooresville,14,Low,4.7,6.1,3.3,Moderate,29.6665223,Retail - Apparel & Specialty,Consumer Cyclical
UPS,United Parcel Service Inc.,Atlanta,20,Low,5.4,8.4,6.1,Significant,20.02460781,Transportation & Logistics,Industrials
MMM,3M Company,Saint paul,35,High,12.6,12.7,9.2,Significant,-7.410517477,Industrial Products,Industrials
QCOM,QUALCOMM Incorporated,San diego,19,Low,2,6.4,10.6,High,55.03426463,Semiconductors,Technology
SBUX,Starbucks Corporation,Seattle,21,Medium,3.2,13,5.1,Significant,36.52173913,Restaurants,Consumer Cyclical
KOF,Coca Cola Femsa S.A.B. de C.V.,Mexico city,70,High,78,61,72,Moderate,-0.361604208,Beverages - Non-Alcoholic,Consumer Defensive
AMT,American Tower Corporation (REIT),Boston,18,Low,5.8,6.7,5.6,,45.28099121,Communication Services,Communication Services
AIR.PA,Airbus SE,Leiden,30,Severe,8,14,8,Significant,55.40733683,Aerospace & Defense,Industrials
CHTR,Charter Communications Inc.,Stamford,20,Low,2.5,9.5,7.8,Moderate,70.22142682,Communication Services,Communication Services
AXP,American Express Company,New york city,23,Medium,0.1,12.8,10.1,Significant,30.60218212,Credit Services,Financial Services
GE,General Electric Company,Boston,47,Severe,15.1,19.1,12.6,Significant,53.2967033,Industrial Products,Industrials
ASML.AS,ASML Holding N.V.,Veldhoven,13,Negligible,4,3,6,Low,92.25721785,Semiconductor Equipment & Materials,Technology
RY,Royal Bank Of Canada,Toronto,20,Low,1.3,12.4,6.1,Significant,15.58669002,Banks,Financial Services
TSLA,Tesla Inc.,Palo alto,31,High,2.8,17.4,11.2,Significant,25.70012019,Autos,Consumer Cyclical
TXN,Texas Instruments Incorporated,Dallas,19,Low,6.7,5,7.1,Low,35.75661376,Semiconductors,Technology
DHR,Danaher Corporation,Washington,33,High,4.6,18.2,9.9,Moderate,48.83630721,Medical Diagnostics & Research,Healthcare
ABBV,AbbVie Inc.,North chicago,30,High,1,16.5,12.8,Significant,-3.959214665,Drug Manufacturers,Healthcare
IBM,International Business Machines Corporation,Armonk,18,Low,0.4,9.9,7.3,Moderate,17.92029559,Application Software,Technology
LMT,Lockheed Martin Corporation,Bethesda,31,High,7.3,16,7.5,Significant,48.70913535,Aerospace & Defense,Industrials
AVGO,Broadcom Limited,San jose,26,Medium,9.1,8.3,8.6,Significant,24.28032091,Semiconductors,Technology
HON,Honeywell International Inc.,Charlotte,39,High,13.1,15.8,9.6,Significant,33.96911898,Industrial Products,Industrials
UNP,Union Pacific Corporation,Omaha,21,Medium,6.8,10.5,3.6,Moderate,30.78926427,Transportation & Logistics,Industrials
TMO,Thermo Fisher Scientific Inc,Waltham,18,Low,1.6,10.1,6.4,Moderate,45.16734439,Medical Diagnostics & Research,Healthcare
PM,Philip Morris International Inc,New york,29,Medium,6.6,14.1,8.1,Significant,27.45656081,Tobacco Products,Consumer Defensive
NEE,NextEra Energy Inc.,Juno beach,30,High,15.2,8.9,6,Moderate,39.31653435,Utilities - Regulated,Utilities
ACN,Accenture plc Class A (Ireland),Dublin,15,Low,1,8.2,6.2,Moderate,49.32983476,Application Software,Technology
UTX,United Technologies Corporation,Farmington,30,High,8,13.8,8.3,Significant,40.64613073,Aerospace & Defense,Industrials
AMGN,Amgen Inc.,Thousand oaks,22,Medium,0,15.8,6.6,Moderate,23.8352083,Biotechnology,Healthcare
COST,Costco Wholesale Corporation,Issaquah,23,Medium,5,10.8,6.7,Significant,44.28354033,Retail - Defensive,Consumer Defensive
LLY,Eli Lilly and Company,Indianapolis,34,High,2.5,19.2,12.3,Significant,13.5758728,Drug Manufacturers,Healthcare
PYPL,PayPal Holdings Inc.,San jose,19,Low,0.1,11.6,7.7,Moderate,28.63598525,Credit Services,Financial Services
BMY,Bristol-Myers Squibb Company,New york city,28,Medium,1.5,15.5,10.6,Moderate,23.48980377,Drug Manufacturers,Healthcare
NVDA,NVIDIA Corporation,Santa clara,13,Low,1.9,4.5,6.9,Moderate,76.25468165,Semiconductors,Technology
NFLX,Netflix Inc.,Los gatos,26,Medium,7.3,10,9.1,Moderate,20.88844056,Communication Services,Communication Services
NKE,Nike Inc.,Beaverton,17,Low,2,6.3,8.7,Significant,36.64688427,Manufacturing - Apparel & Furniture,Consumer Cyclical
ABT,Abbott Laboratories,Abbott park,31,High,3.7,15.3,11.6,Significant,20.08848334,Drug Manufacturers,Healthcare
MDT,Medtronic plc.,Dublin,26,Medium,2.5,13.3,10,Significant,24.72515391,Medical Devices,Healthcare
MCD,McDonald's Corporation,Chicago,25,Medium,4.4,14.8,6.2,Significant,11.28569015,Restaurants,Consumer Cyclical
C,Citigroup Inc.,New york city,31,High,1.6,14.7,14.3,High,53.45754898,Banks,Financial Services
CRM,Salesforce.com Inc,San francisco,14,Low,1.1,8.1,4.9,Moderate,18.74133022,Application Software,Technology
ORCL,Oracle Corporation,Redwood city,18,Low,0.4,10.9,6.8,Significant,17.34219269,Application Software,Technology
ADBE,Adobe Systems Incorporated,San jose,14,Low,0.4,8.1,5.1,Moderate,45.77881895,Application Software,Technology
BA,The Boeing Company,Chicago,39,High,8.2,20.8,10.2,High,1.010852713,Conglomerates,Industrials
RDSA.AS,Royal Dutch Shell plc,S-gravenhage,75,High,56,88,80,High,1.987529228,Oil & Gas Integrated,Energy
RDSB.AS,Royal Dutch Shell plc,S-gravenhage,36,Severe,19,8,9,High,0.722158875,Oil & Gas Integrated,Energy
WFC,Wells Fargo & Company,San francisco,31,High,1.1,14.4,15.2,Severe,16.75347222,Banks,Financial Services
CMCSA,Comcast Corporation Class A Common Stock,Philadelphia,19,Low,1.2,9.3,8.9,Moderate,32.07048458,Entertainment,Consumer Cyclical
MC.PA,"LVMH Moet Hennessy - Louis Vuitton, Societe Europeenne",Paris,11,Negligible,1,4,6,Moderate,60.4182804,Luxury Goods,Consumer Cyclical
PEP,PepsiCo Inc.,Purchase,22,Medium,7.3,9.8,4.9,Significant,23.70564808,Beverages - Non-Alcoholic,Consumer Defensive
CSCO,Cisco Systems Inc.,San jose,14,Low,0.6,6.6,6.9,Moderate,10.68543734,Communication Equipment,Technology
PFE,Pfizer Inc.,New york city,33,High,2.2,17.5,13.1,Significant,-10.24054983,Drug Manufacturers,Healthcare
CVX,Chevron Corporation,San ramon,42,Severe,20.2,11.7,10.3,High,10.77304899,Oil & Gas - Integrated,Energy
MRK,Merck & Company Inc. (new),Kenilworth,28,Medium,1.6,15.2,11,Significant,19.02892292,Drug Manufacturers,Healthcare
VZ,Verizon Communications Inc.,New york city,20,Low,1.9,11.5,6.4,Significant,9.213802917,Communication Services,Communication Services
DIS,The Walt Disney Company,Burbank,15,Low,0,5.3,9.3,Moderate,31.90150479,Entertainment,Consumer Cyclical
KO,Coca-Cola Company (The),Atlanta,26,Medium,9.2,11.5,5.4,Significant,16.89545935,Beverages - Non-Alcoholic,Consumer Defensive
HD,Home Depot Inc. (The),Atlanta,13,Low,3.1,6.8,3.5,Moderate,27.09812595,Retail - Apparel & Specialty,Consumer Cyclical
UNH,UnitedHealth Group Incorporated (DE),Hopkins,21,Medium,0,14.7,6.1,Significant,18.007386,Health Care Plans,Healthcare
T,AT&T Inc.,Dallas,20,Low,2.1,10.8,6.7,Significant,36.93062369,Communication Services,Communication Services
XOM,Exxon Mobil Corporation,Irving,37,High,18.6,10.2,8.6,Significant,2.331720194,Oil & Gas - Integrated,Energy
INTC,Intel Corporation,Santa clara,17,Low,4.9,5.2,6.9,Significant,27.53036437,Semiconductors,Technology
BAC,Bank of America Corporation,Charlotte,28,Medium,1.7,15.5,10.5,Significant,42.93831169,Banks,Financial Services
PG,Procter & Gamble Company (The),Cincinnati,25,Medium,8.4,8.6,7.9,Significant,35.87902524,Consumer Packaged Goods,Consumer Defensive
MA,Mastercard Incorporated,Purchase,20,Low,0.1,10,9.7,High,58.27723297,Credit Services,Financial Services
WMT,Walmart Inc.,Bentonville,29,Medium,3.5,17.6,7.7,High,27.57917338,Retail - Defensive,Consumer Defensive
JNJ,Johnson & Johnson,New brunswick,36,High,1.3,22.8,11.7,Severe,13.03370787,Drug Manufacturers,Healthcare
JPM,JP Morgan Chase & Co.,New york city,23,Medium,1.2,12.1,9.4,Significant,42.79860684,Banks,Financial Services
V,Visa Inc.,San francisco,19,Low,0.1,11.2,7.9,Significant,42.41321813,Credit Services,Financial Services
BRK-B,Berkshire Hathaway Inc.,Omaha,13,Negligible,1,1,12,Moderate,0.327781715,Insuranceâ€”Diversified,Financial Services
BABA,Alibaba Group Holding Limited,Hangzhou,25,Medium,2.3,12.2,10.2,Moderate,54.7384548,Retail - Apparel & Specialty,Consumer Cyclical
FB,Facebook Inc.,Menlo park,33,High,1.5,18.7,12.4,High,56.57182089,Online Media,Technology
AMZN,Amazon.com Inc.,Seattle,31,High,5.8,13.7,11,Significant,23.02775688,Online Media,Technology
GOOGL,Alphabet Inc.,Mountain view,30,Medium,0.9,15.9,12.8,High,28.17619813,Online Media,Technology
MSFT,Microsoft Corporation,Redmond,15,Low,0.4,9.7,5.2,Significant,55.26238062,Application Software,Technology
AAPL,Apple Inc.,Cupertino,24,Medium,0.6,13,10.3,Significant,86.16077089,Computer Hardware,Technology
